path,filename,annotation_source
Images/0001_01.png,0001_01.png,silver
Images/0001_02.png,0001_02.png,silver
Images/0001_03.png,0001_03.png,silver
Images/0002_01.png,0002_01.png,silver
Images/0002_02.png,0002_02.png,silver
Images/0003_01.png,0003_01.png,silver
Images/0003_02.png,0003_02.png,silver
Images/0003_03.png,0003_03.png,silver
Images/0004_01.png,0004_01.png,silver
Images/0004_02.png,0004_02.png,silver
Images/0004_03.png,0004_03.png,gold
Images/0005_01.png,0005_01.png,silver
Images/0005_02.png,0005_02.png,silver
Images/0005_03.png,0005_03.png,silver
Images/0005_04.png,0005_04.png,silver
Images/0005_05.png,0005_05.png,silver
Images/0005_06.png,0005_06.png,silver
Images/0005_07.png,0005_07.png,silver
Images/0005_08.png,0005_08.png,gold
Images/0006_01.png,0006_01.png,silver
Images/0007_01.png,0007_01.png,silver
Images/0007_02.png,0007_02.png,silver
Images/0008_01.png,0008_01.png,gold
Images/0008_02.png,0008_02.png,silver
Images/0009_01.png,0009_01.png,silver
Images/0009_02.png,0009_02.png,silver
Images/0009_03.png,0009_03.png,silver
Images/0009_04.png,0009_04.png,silver
Images/0009_05.png,0009_05.png,silver
Images/0010_01.png,0010_01.png,silver
Images/0010_02.png,0010_02.png,silver
Images/0010_03.png,0010_03.png,silver
Images/0011_01.png,0011_01.png,silver
Images/0011_02.png,0011_02.png,gold
Images/0011_03.png,0011_03.png,gold
Images/0012_01.png,0012_01.png,silver
Images/0012_02.png,0012_02.png,silver
Images/0012_03.png,0012_03.png,silver
Images/0013_01.png,0013_01.png,silver
Images/0013_02.png,0013_02.png,silver
Images/0013_03.png,0013_03.png,silver
Images/0014_01.png,0014_01.png,silver
Images/0014_02.png,0014_02.png,silver
Images/0014_03.png,0014_03.png,silver
Images/0014_04.png,0014_04.png,gold
Images/0014_05.png,0014_05.png,gold
Images/0015_01.png,0015_01.png,silver
Images/0015_02.png,0015_02.png,silver
Images/0015_03.png,0015_03.png,silver
Images/0015_04.png,0015_04.png,silver
Images/0016_01.png,0016_01.png,silver
Images/0017_01.png,0017_01.png,silver
Images/0017_02.png,0017_02.png,gold
Images/0017_03.png,0017_03.png,silver
Images/0018_01.png,0018_01.png,silver
Images/0018_02.png,0018_02.png,silver
Images/0018_03.png,0018_03.png,silver
Images/0019_01.png,0019_01.png,silver
Images/0019_02.png,0019_02.png,silver
Images/0019_03.png,0019_03.png,silver
Images/0019_04.png,0019_04.png,silver
Images/0020_01.png,0020_01.png,silver
Images/0020_02.png,0020_02.png,gold
Images/0021_01.png,0021_01.png,silver
Images/0022_02.png,0022_02.png,silver
Images/0023_01.png,0023_01.png,silver
Images/0023_02.png,0023_02.png,silver
Images/0023_03.png,0023_03.png,silver
Images/0023_04.png,0023_04.png,silver
Images/0024_01.png,0024_01.png,silver
Images/0024_02.png,0024_02.png,gold
Images/0025_01.png,0025_01.png,silver
Images/0025_02.png,0025_02.png,gold
Images/0025_03.png,0025_03.png,silver
Images/0025_04.png,0025_04.png,silver
Images/0025_05.png,0025_05.png,silver
Images/0026_01.png,0026_01.png,silver
Images/0027_01.png,0027_01.png,silver
Images/0028_01.png,0028_01.png,silver
Images/0028_02.png,0028_02.png,silver
Images/0029_01.png,0029_01.png,gold
Images/0029_02.png,0029_02.png,silver
Images/0030_01.png,0030_01.png,silver
Images/0031_01.png,0031_01.png,silver
Images/0031_02.png,0031_02.png,silver
Images/0031_03.png,0031_03.png,silver
Images/0032_01.png,0032_01.png,silver
Images/0033_01.png,0033_01.png,silver
Images/0033_02.png,0033_02.png,silver
Images/0034_01.png,0034_01.png,silver
Images/0034_02.png,0034_02.png,silver
Images/0035_01.png,0035_01.png,silver
Images/0036_01.png,0036_01.png,silver
Images/0036_02.png,0036_02.png,gold
Images/0036_03.png,0036_03.png,silver
Images/0036_04.png,0036_04.png,silver
Images/0036_05.png,0036_05.png,gold
Images/0037_01.png,0037_01.png,gold
Images/0037_02.png,0037_02.png,silver
Images/0037_03.png,0037_03.png,silver
Images/0037_04.png,0037_04.png,silver
Images/0038_01.png,0038_01.png,silver
Images/0038_02.png,0038_02.png,silver
Images/0038_03.png,0038_03.png,silver
Images/0038_04.png,0038_04.png,silver
Images/0039_01.png,0039_01.png,silver
Images/0039_02.png,0039_02.png,silver
Images/0039_03.png,0039_03.png,gold
Images/0040_01.png,0040_01.png,silver
Images/0041_01.png,0041_01.png,silver
Images/0042_01.png,0042_01.png,silver
Images/0042_02.png,0042_02.png,silver
Images/0042_03.png,0042_03.png,silver
Images/0042_04.png,0042_04.png,silver
Images/0042_05.png,0042_05.png,silver
Images/0042_06.png,0042_06.png,silver
Images/0043_01.png,0043_01.png,silver
Images/0044_01.png,0044_01.png,silver
Images/0044_02.png,0044_02.png,silver
Images/0045_01.png,0045_01.png,silver
Images/0046_01.png,0046_01.png,silver
Images/0046_02.png,0046_02.png,silver
Images/0046_03.png,0046_03.png,silver
Images/0046_04.png,0046_04.png,silver
Images/0046_05.png,0046_05.png,silver
Images/0046_06.png,0046_06.png,silver
Images/0047_01.png,0047_01.png,silver
Images/0047_02.png,0047_02.png,silver
Images/0047_03.png,0047_03.png,silver
Images/0047_04.png,0047_04.png,gold
Images/0048_01.png,0048_01.png,gold
Images/0049_01.png,0049_01.png,silver
Images/0049_02.png,0049_02.png,silver
Images/0049_03.png,0049_03.png,silver
Images/0049_04.png,0049_04.png,silver
Images/0049_05.png,0049_05.png,silver
Images/0050_01.png,0050_01.png,silver
Images/0051_01.png,0051_01.png,silver
Images/0051_02.png,0051_02.png,silver
Images/0051_03.png,0051_03.png,silver
Images/0051_04.png,0051_04.png,silver
Images/0051_05.png,0051_05.png,silver
Images/0052_01.png,0052_01.png,silver
Images/0052_02.png,0052_02.png,silver
Images/0052_03.png,0052_03.png,gold
Images/0052_04.png,0052_04.png,silver
Images/0053_01.png,0053_01.png,silver
Images/0053_02.png,0053_02.png,silver
Images/0053_03.png,0053_03.png,silver
Images/0054_01.png,0054_01.png,gold
Images/0054_02.png,0054_02.png,silver
Images/0054_03.png,0054_03.png,silver
Images/0054_04.png,0054_04.png,silver
Images/0054_05.png,0054_05.png,silver
Images/0055_01.png,0055_01.png,silver
Images/0056_01.png,0056_01.png,silver
Images/0057_01.png,0057_01.png,gold
Images/0057_02.png,0057_02.png,gold
Images/0057_03.png,0057_03.png,silver
Images/0057_04.png,0057_04.png,silver
Images/0057_05.png,0057_05.png,silver
Images/0057_06.png,0057_06.png,silver
Images/0058_01.png,0058_01.png,silver
Images/0058_02.png,0058_02.png,silver
Images/0058_03.png,0058_03.png,silver
Images/0058_04.png,0058_04.png,silver
Images/0058_05.png,0058_05.png,silver
Images/0059_01.png,0059_01.png,silver
Images/0059_02.png,0059_02.png,silver
Images/0059_03.png,0059_03.png,silver
Images/0060_01.png,0060_01.png,silver
Images/0061_01.png,0061_01.png,gold
Images/0062_01.png,0062_01.png,gold
Images/0062_02.png,0062_02.png,silver
Images/0063_01.png,0063_01.png,silver
Images/0063_02.png,0063_02.png,silver
Images/0063_03.png,0063_03.png,silver
Images/0063_04.png,0063_04.png,silver
Images/0063_05.png,0063_05.png,silver
Images/0063_06.png,0063_06.png,silver
Images/0063_07.png,0063_07.png,silver
Images/0064_01.png,0064_01.png,silver
Images/0065_01.png,0065_01.png,silver
Images/0065_02.png,0065_02.png,silver
Images/0065_03.png,0065_03.png,silver
Images/0065_04.png,0065_04.png,silver
Images/0066_01.png,0066_01.png,silver
Images/0066_02.png,0066_02.png,silver
Images/0066_03.png,0066_03.png,gold
Images/0066_04.png,0066_04.png,silver
Images/0066_05.png,0066_05.png,gold
Images/0067_01.png,0067_01.png,gold
Images/0067_02.png,0067_02.png,silver
Images/0067_03.png,0067_03.png,silver
Images/0067_04.png,0067_04.png,silver
Images/0068_01.png,0068_01.png,silver
Images/0068_02.png,0068_02.png,silver
Images/0068_03.png,0068_03.png,silver
Images/0068_04.png,0068_04.png,silver
Images/0068_05.png,0068_05.png,silver
Images/0069_01.png,0069_01.png,silver
Images/0069_02.png,0069_02.png,silver
Images/0069_03.png,0069_03.png,silver
Images/0070_01.png,0070_01.png,gold
Images/0071_01.png,0071_01.png,silver
Images/0071_02.png,0071_02.png,silver
Images/0071_03.png,0071_03.png,silver
Images/0071_04.png,0071_04.png,gold
Images/0072_01.png,0072_01.png,silver
Images/0072_02.png,0072_02.png,gold
Images/0072_03.png,0072_03.png,silver
Images/0072_04.png,0072_04.png,silver
Images/0073_01.png,0073_01.png,gold
Images/0074_01.png,0074_01.png,silver
Images/0074_02.png,0074_02.png,silver
Images/0074_03.png,0074_03.png,silver
Images/0074_04.png,0074_04.png,silver
Images/0074_05.png,0074_05.png,silver
Images/0075_01.png,0075_01.png,silver
Images/0075_02.png,0075_02.png,silver
Images/0075_03.png,0075_03.png,silver
Images/0076_01.png,0076_01.png,silver
Images/0076_02.png,0076_02.png,silver
Images/0076_03.png,0076_03.png,silver
Images/0076_04.png,0076_04.png,silver
Images/0077_01.png,0077_01.png,silver
Images/0077_02.png,0077_02.png,silver
Images/0078_01.png,0078_01.png,silver
Images/0079_01.png,0079_01.png,silver
Images/0079_02.png,0079_02.png,silver
Images/0079_03.png,0079_03.png,silver
Images/0079_04.png,0079_04.png,silver
Images/0080_01.png,0080_01.png,silver
Images/0080_02.png,0080_02.png,silver
Images/0080_03.png,0080_03.png,silver
Images/0081_01.png,0081_01.png,silver
Images/0081_02.png,0081_02.png,silver
Images/0081_03.png,0081_03.png,gold
Images/0082_01.png,0082_01.png,silver
Images/0083_01.png,0083_01.png,silver
Images/0083_02.png,0083_02.png,silver
Images/0083_03.png,0083_03.png,silver
Images/0083_04.png,0083_04.png,silver
Images/0084_01.png,0084_01.png,silver
Images/0084_02.png,0084_02.png,gold
Images/0085_01.png,0085_01.png,silver
Images/0085_02.png,0085_02.png,silver
Images/0085_03.png,0085_03.png,silver
Images/0085_04.png,0085_04.png,silver
Images/0086_01.png,0086_01.png,silver
Images/0086_02.png,0086_02.png,silver
Images/0087_01.png,0087_01.png,silver
Images/0087_02.png,0087_02.png,silver
Images/0088_01.png,0088_01.png,silver
Images/0088_02.png,0088_02.png,silver
Images/0088_03.png,0088_03.png,silver
Images/0089_01.png,0089_01.png,silver
Images/0090_01.png,0090_01.png,silver
Images/0090_02.png,0090_02.png,silver
Images/0090_03.png,0090_03.png,silver
Images/0091_01.png,0091_01.png,silver
Images/0091_02.png,0091_02.png,silver
Images/0091_03.png,0091_03.png,silver
Images/0092_01.png,0092_01.png,gold
Images/0092_02.png,0092_02.png,silver
Images/0092_03.png,0092_03.png,silver
Images/0092_04.png,0092_04.png,silver
Images/0092_05.png,0092_05.png,silver
Images/0092_06.png,0092_06.png,gold
Images/0092_07.png,0092_07.png,silver
Images/0092_08.png,0092_08.png,silver
Images/0092_09.png,0092_09.png,silver
Images/0092_10.png,0092_10.png,silver
Images/0093_01.png,0093_01.png,silver
Images/0093_02.png,0093_02.png,silver
Images/0094_01.png,0094_01.png,silver
Images/0094_02.png,0094_02.png,silver
Images/0094_03.png,0094_03.png,silver
Images/0095_01.png,0095_01.png,silver
Images/0095_02.png,0095_02.png,silver
Images/0096_01.png,0096_01.png,silver
Images/0097_01.png,0097_01.png,silver
Images/0097_02.png,0097_02.png,gold
Images/0098_01.png,0098_01.png,silver
Images/0099_01.png,0099_01.png,silver
Images/0100_01.png,0100_01.png,silver
Images/0100_02.png,0100_02.png,silver
Images/0100_03.png,0100_03.png,silver
Images/0101_01.png,0101_01.png,silver
Images/0101_02.png,0101_02.png,gold
Images/0101_03.png,0101_03.png,silver
Images/0101_04.png,0101_04.png,silver
Images/0102_01.png,0102_01.png,silver
Images/0102_02.png,0102_02.png,silver
Images/0102_03.png,0102_03.png,gold
Images/0103_01.png,0103_01.png,silver
Images/0104_01.png,0104_01.png,silver
Images/0104_02.png,0104_02.png,silver
Images/0104_03.png,0104_03.png,silver
Images/0105_01.png,0105_01.png,gold
Images/0105_02.png,0105_02.png,silver
Images/0105_03.png,0105_03.png,gold
Images/0105_04.png,0105_04.png,silver
Images/0105_05.png,0105_05.png,silver
Images/0105_06.png,0105_06.png,gold
Images/0105_07.png,0105_07.png,silver
Images/0106_01.png,0106_01.png,silver
Images/0106_02.png,0106_02.png,silver
Images/0107_01.png,0107_01.png,silver
Images/0107_02.png,0107_02.png,silver
Images/0108_01.png,0108_01.png,silver
Images/0108_02.png,0108_02.png,silver
Images/0108_03.png,0108_03.png,silver
Images/0108_04.png,0108_04.png,silver
Images/0108_05.png,0108_05.png,silver
Images/0109_01.png,0109_01.png,silver
Images/0109_02.png,0109_02.png,silver
Images/0110_01.png,0110_01.png,silver
Images/0110_02.png,0110_02.png,silver
Images/0110_03.png,0110_03.png,silver
Images/0110_04.png,0110_04.png,silver
Images/0111_01.png,0111_01.png,silver
Images/0112_01.png,0112_01.png,silver
Images/0112_02.png,0112_02.png,silver
Images/0112_03.png,0112_03.png,silver
Images/0112_04.png,0112_04.png,silver
Images/0113_01.png,0113_01.png,gold
Images/0113_02.png,0113_02.png,gold
Images/0114_01.png,0114_01.png,silver
Images/0114_02.png,0114_02.png,silver
Images/0114_03.png,0114_03.png,silver
Images/0114_04.png,0114_04.png,silver
Images/0115_01.png,0115_01.png,silver
Images/0116_01.png,0116_01.png,silver
Images/0116_02.png,0116_02.png,silver
Images/0116_03.png,0116_03.png,gold
Images/0116_04.png,0116_04.png,silver
Images/0116_05.png,0116_05.png,gold
Images/0117_01.png,0117_01.png,gold
Images/0118_01.png,0118_01.png,silver
Images/0119_01.png,0119_01.png,silver
Images/0119_02.png,0119_02.png,gold
Images/0120_01.png,0120_01.png,silver
Images/0121_01.png,0121_01.png,silver
Images/0122_01.png,0122_01.png,silver
Images/0123_01.png,0123_01.png,silver
Images/0123_02.png,0123_02.png,silver
Images/0123_03.png,0123_03.png,gold
Images/0124_01.png,0124_01.png,silver
Images/0125_01.png,0125_01.png,silver
Images/0126_01.png,0126_01.png,silver
Images/0126_02.png,0126_02.png,gold
Images/0126_03.png,0126_03.png,silver
Images/0126_04.png,0126_04.png,silver
Images/0126_05.png,0126_05.png,gold
Images/0126_06.png,0126_06.png,silver
Images/0126_07.png,0126_07.png,silver
Images/0126_08.png,0126_08.png,silver
Images/0126_09.png,0126_09.png,silver
Images/0126_10.png,0126_10.png,gold
Images/0127_01.png,0127_01.png,silver
Images/0127_02.png,0127_02.png,silver
Images/0128_01.png,0128_01.png,silver
Images/0129_01.png,0129_01.png,silver
Images/0130_01.png,0130_01.png,gold
Images/0130_02.png,0130_02.png,silver
Images/0130_03.png,0130_03.png,silver
Images/0130_04.png,0130_04.png,silver
Images/0130_05.png,0130_05.png,silver
Images/0130_06.png,0130_06.png,silver
Images/0130_07.png,0130_07.png,silver
Images/0130_08.png,0130_08.png,silver
Images/0130_09.png,0130_09.png,silver
Images/0131_01.png,0131_01.png,silver
Images/0131_02.png,0131_02.png,silver
Images/0131_03.png,0131_03.png,silver
Images/0132_01.png,0132_01.png,silver
Images/0132_02.png,0132_02.png,silver
Images/0132_03.png,0132_03.png,silver
Images/0133_01.png,0133_01.png,silver
Images/0133_02.png,0133_02.png,silver
Images/0134_01.png,0134_01.png,silver
Images/0135_01.png,0135_01.png,silver
Images/0135_02.png,0135_02.png,gold
Images/0135_03.png,0135_03.png,silver
Images/0135_04.png,0135_04.png,silver
Images/0135_05.png,0135_05.png,gold
Images/0136_01.png,0136_01.png,silver
Images/0136_02.png,0136_02.png,silver
Images/0136_03.png,0136_03.png,silver
Images/0137_01.png,0137_01.png,silver
Images/0137_02.png,0137_02.png,silver
Images/0138_01.png,0138_01.png,silver
Images/0139_01.png,0139_01.png,silver
Images/0139_02.png,0139_02.png,silver
Images/0139_03.png,0139_03.png,silver
Images/0140_01.png,0140_01.png,silver
Images/0141_01.png,0141_01.png,silver
Images/0142_01.png,0142_01.png,silver
Images/0142_02.png,0142_02.png,silver
Images/0142_03.png,0142_03.png,silver
Images/0142_04.png,0142_04.png,silver
Images/0142_05.png,0142_05.png,silver
Images/0143_01.png,0143_01.png,silver
Images/0143_02.png,0143_02.png,silver
Images/0144_01.png,0144_01.png,silver
Images/0145_01.png,0145_01.png,silver
Images/0145_02.png,0145_02.png,silver
Images/0146_01.png,0146_01.png,silver
Images/0146_02.png,0146_02.png,silver
Images/0146_03.png,0146_03.png,silver
Images/0146_04.png,0146_04.png,silver
Images/0147_01.png,0147_01.png,silver
Images/0147_02.png,0147_02.png,silver
Images/0147_03.png,0147_03.png,silver
Images/0147_04.png,0147_04.png,silver
Images/0148_01.png,0148_01.png,silver
Images/0148_02.png,0148_02.png,gold
Images/0148_03.png,0148_03.png,silver
Images/0148_04.png,0148_04.png,gold
Images/0149_01.png,0149_01.png,gold
Images/0149_02.png,0149_02.png,silver
Images/0149_03.png,0149_03.png,silver
Images/0150_01.png,0150_01.png,silver
Images/0150_02.png,0150_02.png,silver
Images/0150_03.png,0150_03.png,gold
Images/0150_04.png,0150_04.png,silver
Images/0151_01.png,0151_01.png,silver
Images/0151_02.png,0151_02.png,silver
Images/0151_03.png,0151_03.png,silver
Images/0151_04.png,0151_04.png,silver
Images/0151_05.png,0151_05.png,gold
Images/0152_01.png,0152_01.png,silver
Images/0152_02.png,0152_02.png,silver
Images/0153_01.png,0153_01.png,silver
Images/0153_02.png,0153_02.png,silver
Images/0153_03.png,0153_03.png,gold
Images/0154_01.png,0154_01.png,silver
Images/0155_01.png,0155_01.png,silver
Images/0155_02.png,0155_02.png,gold
Images/0156_01.png,0156_01.png,silver
Images/0156_02.png,0156_02.png,silver
Images/0156_03.png,0156_03.png,gold
Images/0156_04.png,0156_04.png,silver
Images/0157_01.png,0157_01.png,silver
Images/0157_02.png,0157_02.png,silver
Images/0158_01.png,0158_01.png,silver
Images/0159_01.png,0159_01.png,silver
Images/0160_01.png,0160_01.png,silver
Images/0160_02.png,0160_02.png,silver
Images/0161_01.png,0161_01.png,silver
Images/0162_01.png,0162_01.png,silver
Images/0162_02.png,0162_02.png,gold
Images/0163_01.png,0163_01.png,gold
Images/0163_02.png,0163_02.png,gold
Images/0163_03.png,0163_03.png,silver
Images/0164_01.png,0164_01.png,silver
Images/0164_02.png,0164_02.png,silver
Images/0164_03.png,0164_03.png,silver
Images/0165_01.png,0165_01.png,silver
Images/0166_01.png,0166_01.png,silver
Images/0166_02.png,0166_02.png,gold
Images/0167_01.png,0167_01.png,gold
Images/0168_01.png,0168_01.png,silver
Images/0168_02.png,0168_02.png,silver
Images/0168_03.png,0168_03.png,silver
Images/0168_04.png,0168_04.png,silver
Images/0168_05.png,0168_05.png,silver
Images/0168_06.png,0168_06.png,silver
Images/0169_01.png,0169_01.png,silver
Images/0169_02.png,0169_02.png,silver
Images/0169_03.png,0169_03.png,silver
Images/0169_04.png,0169_04.png,silver
Images/0169_05.png,0169_05.png,gold
Images/0169_06.png,0169_06.png,silver
Images/0170_01.png,0170_01.png,silver
Images/0170_02.png,0170_02.png,silver
Images/0170_03.png,0170_03.png,silver
Images/0170_04.png,0170_04.png,silver
Images/0171_01.png,0171_01.png,silver
Images/0171_02.png,0171_02.png,silver
Images/0172_01.png,0172_01.png,silver
Images/0172_02.png,0172_02.png,silver
Images/0172_03.png,0172_03.png,silver
Images/0172_04.png,0172_04.png,silver
Images/0172_05.png,0172_05.png,silver
Images/0172_06.png,0172_06.png,silver
Images/0173_01.png,0173_01.png,gold
Images/0173_02.png,0173_02.png,silver
Images/0173_03.png,0173_03.png,silver
Images/0173_04.png,0173_04.png,silver
Images/0173_05.png,0173_05.png,silver
Images/0173_06.png,0173_06.png,silver
Images/0174_01.png,0174_01.png,gold
Images/0174_02.png,0174_02.png,silver
Images/0174_03.png,0174_03.png,silver
Images/0175_01.png,0175_01.png,silver
Images/0175_02.png,0175_02.png,silver
Images/0175_03.png,0175_03.png,silver
Images/0175_04.png,0175_04.png,gold
Images/0175_05.png,0175_05.png,silver
Images/0176_01.png,0176_01.png,silver
Images/0176_02.png,0176_02.png,silver
Images/0176_03.png,0176_03.png,gold
Images/0176_04.png,0176_04.png,silver
Images/0177_01.png,0177_01.png,silver
Images/0177_02.png,0177_02.png,silver
Images/0177_03.png,0177_03.png,silver
Images/0178_01.png,0178_01.png,silver
Images/0179_01.png,0179_01.png,silver
Images/0179_02.png,0179_02.png,silver
Images/0180_01.png,0180_01.png,silver
Images/0180_02.png,0180_02.png,silver
Images/0181_01.png,0181_01.png,silver
Images/0181_02.png,0181_02.png,silver
Images/0181_03.png,0181_03.png,silver
Images/0182_01.png,0182_01.png,silver
Images/0182_02.png,0182_02.png,silver
Images/0182_03.png,0182_03.png,gold
Images/0182_04.png,0182_04.png,silver
Images/0183_01.png,0183_01.png,silver
Images/0183_02.png,0183_02.png,gold
Images/0184_01.png,0184_01.png,gold
Images/0184_02.png,0184_02.png,gold
Images/0185_01.png,0185_01.png,silver
Images/0186_01.png,0186_01.png,silver
Images/0186_02.png,0186_02.png,silver
Images/0187_01.png,0187_01.png,silver
Images/0187_02.png,0187_02.png,silver
Images/0188_01.png,0188_01.png,gold
Images/0189_01.png,0189_01.png,gold
Images/0189_02.png,0189_02.png,silver
Images/0190_01.png,0190_01.png,silver
Images/0190_02.png,0190_02.png,silver
Images/0190_03.png,0190_03.png,silver
Images/0190_04.png,0190_04.png,silver
Images/0190_05.png,0190_05.png,silver
Images/0190_06.png,0190_06.png,silver
Images/0190_07.png,0190_07.png,silver
Images/0190_08.png,0190_08.png,silver
Images/0191_01.png,0191_01.png,silver
Images/0192_01.png,0192_01.png,silver
Images/0192_02.png,0192_02.png,silver
Images/0193_01.png,0193_01.png,silver
Images/0194_01.png,0194_01.png,silver
Images/0194_02.png,0194_02.png,silver
Images/0194_03.png,0194_03.png,silver
Images/0194_04.png,0194_04.png,silver
Images/0194_05.png,0194_05.png,gold
Images/0195_01.png,0195_01.png,silver
Images/0195_02.png,0195_02.png,silver
Images/0195_03.png,0195_03.png,silver
Images/0195_04.png,0195_04.png,silver
Images/0195_05.png,0195_05.png,silver
Images/0196_01.png,0196_01.png,silver
Images/0197_01.png,0197_01.png,silver
Images/0197_02.png,0197_02.png,silver
Images/0197_03.png,0197_03.png,silver
Images/0197_04.png,0197_04.png,silver
Images/198_01.png,198_01.png,silver
Images/199_01.png,199_01.png,gold
Images/200_01.png,200_01.png,silver
Images/200_02.png,200_02.png,gold
Images/200_03.png,200_03.png,silver
Images/200_04.png,200_04.png,silver
Images/200_05.png,200_05.png,silver
Images/201_01.png,201_01.png,silver
Images/201_02.png,201_02.png,silver
Images/201_03.png,201_03.png,gold
Images/201_04.png,201_04.png,silver
Images/201_05.png,201_05.png,silver
Images/201_06.png,201_06.png,silver
Images/202_01.png,202_01.png,silver
Images/202_02.png,202_02.png,silver
Images/202_03.png,202_03.png,silver
Images/202_04.png,202_04.png,silver
Images/202_05.png,202_05.png,silver
Images/202_06.png,202_06.png,silver
Images/202_07.png,202_07.png,silver
Images/202_08.png,202_08.png,silver
Images/203_01.png,203_01.png,silver
Images/203_02.png,203_02.png,silver
Images/203_03.png,203_03.png,gold
Images/203_04.png,203_04.png,silver
Images/204_01.png,204_01.png,silver
Images/204_02.png,204_02.png,silver
Images/204_03.png,204_03.png,silver
Images/204_04.png,204_04.png,silver
Images/204_05.png,204_05.png,gold
Images/204_06.png,204_06.png,silver
Images/205_01.png,205_01.png,gold
Images/205_02.png,205_02.png,silver
Images/206_01.png,206_01.png,silver
Images/206_02.png,206_02.png,silver
Images/207_01.png,207_01.png,silver
Images/207_02.png,207_02.png,silver
Images/208_01.png,208_01.png,silver
Images/208_02.png,208_02.png,silver
Images/208_03.png,208_03.png,silver
Images/208_04.png,208_04.png,silver
Images/208_05.png,208_05.png,silver
Images/208_06.png,208_06.png,silver
Images/209_01.png,209_01.png,gold
Images/209_02.png,209_02.png,silver
Images/210_01.png,210_01.png,silver
Images/210_02.png,210_02.png,silver
Images/210_03.png,210_03.png,silver
Images/210_04.png,210_04.png,silver
Images/210_05.png,210_05.png,silver
Images/210_06.png,210_06.png,silver
Images/211_01.png,211_01.png,gold
Images/211_02.png,211_02.png,silver
Images/211_03.png,211_03.png,silver
Images/211_04.png,211_04.png,silver
Images/211_05.png,211_05.png,silver
Images/211_06.png,211_06.png,silver
Images/212_01.png,212_01.png,gold
Images/212_02.png,212_02.png,gold
Images/212_03.png,212_03.png,silver
Images/212_04.png,212_04.png,silver
Images/212_05.png,212_05.png,silver
Images/212_06.png,212_06.png,silver
Images/212_07.png,212_07.png,silver
Images/213_01.png,213_01.png,silver
Images/213_02.png,213_02.png,gold
Images/214_01.png,214_01.png,silver
Images/214_02.png,214_02.png,silver
Images/214_03.png,214_03.png,silver
Images/214_04.png,214_04.png,silver
Images/215_01.png,215_01.png,gold
Images/215_02.png,215_02.png,silver
Images/215_03.png,215_03.png,gold
Images/215_04.png,215_04.png,silver
Images/215_05.png,215_05.png,silver
Images/216_01.png,216_01.png,silver
Images/216_02.png,216_02.png,silver
Images/216_03.png,216_03.png,gold
Images/216_04.png,216_04.png,silver
Images/217_01.png,217_01.png,silver
Images/217_02.png,217_02.png,silver
Images/218_01.png,218_01.png,silver
Images/218_02.png,218_02.png,silver
Images/218_03.png,218_03.png,silver
Images/218_04.png,218_04.png,silver
Images/219_01.png,219_01.png,silver
Images/220_01.png,220_01.png,silver
Images/220_02.png,220_02.png,silver
Images/221_01.png,221_01.png,silver
Images/221_02.png,221_02.png,silver
Images/221_03.png,221_03.png,silver
Images/221_04.png,221_04.png,silver
Images/221_05.png,221_05.png,silver
Images/221_06.png,221_06.png,gold
Images/221_07.png,221_07.png,gold
Images/221_08.png,221_08.png,silver
Images/221_09.png,221_09.png,silver
Images/232_01.png,232_01.png,silver
Images/232_02.png,232_02.png,silver
Images/232_03.png,232_03.png,silver
Images/233_01.png,233_01.png,silver
Images/234_01.png,234_01.png,silver
Images/234_02.png,234_02.png,silver
Images/235_01.png,235_01.png,silver
Images/235_02.png,235_02.png,silver
Images/236_01.png,236_01.png,silver
Images/237_01.png,237_01.png,silver
Images/237_02.png,237_02.png,silver
Images/237_03.png,237_03.png,silver
Images/237_04.png,237_04.png,gold
Images/237_05.png,237_05.png,silver
Images/237_06.png,237_06.png,silver
Images/238_01.png,238_01.png,silver
Images/239_01.png,239_01.png,silver
Images/240_01.png,240_01.png,silver
Images/240_02.png,240_02.png,silver
Images/240_03.png,240_03.png,silver
Images/241_01.png,241_01.png,silver
Images/241_02.png,241_02.png,silver
Images/241_03.png,241_03.png,silver
Images/241_04.png,241_04.png,silver
Images/241_05.png,241_05.png,silver
Images/242_01.png,242_01.png,silver
Images/242_02.png,242_02.png,silver
Images/243_01.png,243_01.png,gold
Images/244_01.png,244_01.png,silver
Images/244_02.png,244_02.png,silver
Images/245_01.png,245_01.png,silver
Images/246_01.png,246_01.png,silver
Images/247_01.png,247_01.png,silver
Images/247_02.png,247_02.png,silver
Images/247_03.png,247_03.png,silver
Images/247_04.png,247_04.png,silver
Images/248_01.png,248_01.png,silver
Images/248_02.png,248_02.png,silver
Images/248_03.png,248_03.png,silver
Images/249_01.png,249_01.png,silver
Images/250_01.png,250_01.png,silver
Images/250_02.png,250_02.png,silver
Images/251_01.png,251_01.png,gold
Images/252_01.png,252_01.png,silver
Images/252_02.png,252_02.png,silver
Images/253_01.png,253_01.png,silver
Images/254_01.png,254_01.png,silver
Images/255_01.png,255_01.png,gold
Images/255_02.png,255_02.png,gold
Images/256_01.png,256_01.png,silver
Images/256_02.png,256_02.png,silver
Images/256_03.png,256_03.png,silver
Images/256_04.png,256_04.png,silver
Images/257_01.png,257_01.png,silver
Images/257_02.png,257_02.png,gold
Images/257_03.png,257_03.png,silver
Images/257_04.png,257_04.png,silver
Images/257_05.png,257_05.png,silver
Images/258_01.png,258_01.png,silver
Images/258_02.png,258_02.png,silver
Images/258_03.png,258_03.png,gold
Images/258_04.png,258_04.png,silver
Images/259_01.png,259_01.png,silver
Images/260_01.png,260_01.png,silver
Images/260_02.png,260_02.png,silver
Images/260_03.png,260_03.png,silver
Images/261_01.png,261_01.png,silver
Images/261_02.png,261_02.png,silver
Images/261_03.png,261_03.png,silver
Images/261_04.png,261_04.png,silver
Images/262_01.png,262_01.png,silver
Images/262_02.png,262_02.png,gold
Images/263_01.png,263_01.png,silver
Images/264_01.png,264_01.png,silver
Images/265_01.png,265_01.png,silver
Images/266_01.png,266_01.png,silver
Images/266_02.png,266_02.png,silver
Images/266_03.png,266_03.png,silver
Images/267_01.png,267_01.png,silver
Images/268_01.png,268_01.png,silver
Images/268_02.png,268_02.png,silver
Images/268_03.png,268_03.png,silver
Images/268_04.png,268_04.png,silver
Images/269_01.png,269_01.png,silver
Images/269_02.png,269_02.png,silver
Images/270_01.png,270_01.png,silver
Images/270_02.png,270_02.png,silver
Images/271_01.png,271_01.png,silver
Images/271_02.png,271_02.png,silver
Images/272_01.png,272_01.png,silver
Images/273_01.png,273_01.png,silver
Images/273_02.png,273_02.png,silver
Images/273_03.png,273_03.png,silver
Images/273_04.png,273_04.png,silver
Images/274_01.png,274_01.png,silver
Images/275_01.png,275_01.png,silver
Images/275_02.png,275_02.png,silver
Images/275_03.png,275_03.png,silver
Images/275_04.png,275_04.png,silver
Images/275_05.png,275_05.png,silver
Images/275_06.png,275_06.png,silver
Images/275_07.png,275_07.png,gold
Images/276_01.png,276_01.png,silver
Images/276_02.png,276_02.png,silver
Images/276_03.png,276_03.png,silver
Images/276_04.png,276_04.png,silver
Images/277_01.png,277_01.png,gold
Images/278_01.png,278_01.png,silver
Images/279_01.png,279_01.png,gold
Images/279_02.png,279_02.png,silver
Images/280_01.png,280_01.png,silver
Images/281_01.png,281_01.png,gold
Images/282_01.png,282_01.png,gold
Images/282_02.png,282_02.png,silver
Images/282_03.png,282_03.png,silver
Images/283_01.png,283_01.png,gold
Images/283_02.png,283_02.png,silver
Images/283_03.png,283_03.png,gold
Images/283_04.png,283_04.png,silver
Images/283_05.png,283_05.png,silver
Images/284_01.png,284_01.png,silver
Images/284_02.png,284_02.png,silver
Images/285_01.png,285_01.png,silver
Images/285_02.png,285_02.png,silver
Images/286_01.png,286_01.png,silver
Images/286_02.png,286_02.png,silver
Images/286_03.png,286_03.png,silver
Images/286_04.png,286_04.png,silver
Images/287_01.png,287_01.png,silver
Images/287_02.png,287_02.png,silver
Images/287_03.png,287_03.png,silver
Images/288_01.png,288_01.png,gold
Images/288_02.png,288_02.png,silver
Images/289_01.png,289_01.png,silver
Images/290_01.png,290_01.png,silver
Images/291_01.png,291_01.png,silver
Images/291_02.png,291_02.png,silver
Images/291_03.png,291_03.png,silver
Images/292_01.png,292_01.png,silver
Images/292_02.png,292_02.png,silver
Images/292_03.png,292_03.png,gold
Images/292_04.png,292_04.png,silver
Images/293_01.png,293_01.png,silver
Images/293_02.png,293_02.png,silver
Images/293_03.png,293_03.png,silver
Images/293_04.png,293_04.png,silver
Images/293_05.png,293_05.png,silver
Images/293_06.png,293_06.png,silver
Images/294_01.png,294_01.png,silver
Images/294_02.png,294_02.png,silver
Images/294_03.png,294_03.png,gold
Images/294_04.png,294_04.png,silver
Images/294_05.png,294_05.png,silver
Images/294_06.png,294_06.png,silver
Images/294_07.png,294_07.png,silver
Images/294_08.png,294_08.png,silver
Images/295_01.png,295_01.png,silver
Images/296_01.png,296_01.png,silver
Images/296_02.png,296_02.png,silver
Images/297_01.png,297_01.png,silver
Images/297_02.png,297_02.png,silver
Images/297_03.png,297_03.png,silver
Images/297_04.png,297_04.png,silver
Images/297_05.png,297_05.png,silver
Images/298_01.png,298_01.png,silver
Images/298_02.png,298_02.png,silver
Images/298_03.png,298_03.png,silver
Images/299_01.png,299_01.png,silver
Images/299_02.png,299_02.png,silver
Images/300_01.png,300_01.png,silver
Images/300_02.png,300_02.png,silver
Images/300_03.png,300_03.png,silver
Images/300_04.png,300_04.png,silver
Images/300_05.png,300_05.png,silver
Images/300_06.png,300_06.png,silver
Images/300_07.png,300_07.png,gold
Images/301_01.png,301_01.png,silver
Images/301_02.png,301_02.png,silver
Images/301_03.png,301_03.png,silver
Images/301_04.png,301_04.png,silver
Images/301_05.png,301_05.png,gold
Images/301_06.png,301_06.png,silver
Images/301_07.png,301_07.png,gold
Images/302_01.png,302_01.png,silver
Images/302_02.png,302_02.png,gold
Images/302_03.png,302_03.png,silver
Images/302_04.png,302_04.png,silver
Images/303_01.png,303_01.png,silver
Images/303_02.png,303_02.png,silver
Images/303_03.png,303_03.png,silver
Images/303_04.png,303_04.png,silver
Images/304_01.png,304_01.png,gold
Images/304_02.png,304_02.png,silver
Images/305_01.png,305_01.png,silver
Images/305_02.png,305_02.png,silver
Images/306_01.png,306_01.png,silver
Images/306_02.png,306_02.png,gold
Images/306_03.png,306_03.png,silver
Images/307_01.png,307_01.png,gold
Images/308_01.png,308_01.png,silver
Images/309_01.png,309_01.png,silver
Images/309_02.png,309_02.png,silver
Images/309_03.png,309_03.png,silver
Images/309_04.png,309_04.png,gold
Images/310_01.png,310_01.png,silver
Images/310_02.png,310_02.png,gold
Images/310_03.png,310_03.png,gold
Images/310_04.png,310_04.png,silver
Images/311_01.png,311_01.png,silver
Images/311_02.png,311_02.png,gold
Images/311_03.png,311_03.png,silver
Images/311_04.png,311_04.png,gold
Images/312_01.png,312_01.png,silver
Images/313_01.png,313_01.png,silver
Images/313_02.png,313_02.png,silver
Images/313_03.png,313_03.png,silver
Images/313_04.png,313_04.png,silver
Images/314_01.png,314_01.png,silver
Images/315_01.png,315_01.png,silver
Images/315_02.png,315_02.png,silver
Images/316_01.png,316_01.png,silver
Images/317_01.png,317_01.png,silver
Images/317_02.png,317_02.png,silver
Images/318_01.png,318_01.png,silver
Images/318_02.png,318_02.png,silver
Images/318_03.png,318_03.png,silver
Images/319_01.png,319_01.png,gold
Images/319_02.png,319_02.png,silver
Images/319_03.png,319_03.png,silver
Images/319_04.png,319_04.png,silver
Images/319_05.png,319_05.png,gold
Images/319_06.png,319_06.png,gold
Images/320_01.png,320_01.png,silver
Images/321_01.png,321_01.png,silver
Images/321_02.png,321_02.png,silver
Images/321_03.png,321_03.png,silver
Images/321_04.png,321_04.png,silver
Images/322_01.png,322_01.png,gold
Images/323_01.png,323_01.png,silver
Images/323_02.png,323_02.png,silver
Images/323_03.png,323_03.png,silver
Images/323_04.png,323_04.png,silver
Images/324_01.png,324_01.png,silver
Images/324_02.png,324_02.png,gold
Images/324_03.png,324_03.png,silver
Images/324_04.png,324_04.png,silver
Images/324_05.png,324_05.png,silver
Images/324_06.png,324_06.png,silver
Images/325_01.png,325_01.png,silver
Images/325_02.png,325_02.png,silver
Images/325_03.png,325_03.png,silver
Images/326_01.png,326_01.png,silver
Images/326_02.png,326_02.png,silver
Images/326_03.png,326_03.png,gold
Images/327_01.png,327_01.png,silver
Images/327_02.png,327_02.png,silver
Images/327_03.png,327_03.png,silver
Images/327_04.png,327_04.png,silver
Images/327_05.png,327_05.png,silver
Images/327_06.png,327_06.png,silver
Images/328_01.png,328_01.png,gold
Images/328_02.png,328_02.png,silver
Images/328_03.png,328_03.png,silver
Images/328_04.png,328_04.png,silver
Images/329_01.png,329_01.png,silver
Images/329_02.png,329_02.png,silver
Images/329_03.png,329_03.png,gold
Images/329_04.png,329_04.png,silver
Images/330_01.png,330_01.png,silver
Images/330_02.png,330_02.png,silver
Images/330_03.png,330_03.png,silver
Images/331_01.png,331_01.png,silver
Images/331_02.png,331_02.png,silver
Images/331_03.png,331_03.png,silver
Images/331_04.png,331_04.png,silver
Images/331_05.png,331_05.png,silver
Images/332_01.png,332_01.png,silver
Images/333_01.png,333_01.png,silver
Images/333_02.png,333_02.png,gold
Images/333_03.png,333_03.png,silver
Images/333_04.png,333_04.png,silver
Images/333_05.png,333_05.png,silver
Images/334_01.png,334_01.png,silver
Images/334_02.png,334_02.png,silver
Images/335_01.png,335_01.png,silver
Images/336_01.png,336_01.png,silver
Images/336_02.png,336_02.png,silver
Images/337_01.png,337_01.png,silver
Images/337_02.png,337_02.png,silver
Images/338_01.png,338_01.png,silver
Images/338_02.png,338_02.png,silver
Images/338_03.png,338_03.png,silver
Images/338_04.png,338_04.png,gold
Images/339_01.png,339_01.png,gold
Images/340_01.png,340_01.png,silver
Images/340_02.png,340_02.png,silver
Images/340_03.png,340_03.png,silver
Images/340_04.png,340_04.png,silver
Images/340_05.png,340_05.png,silver
Images/341_01.png,341_01.png,silver
Images/341_02.png,341_02.png,gold
Images/341_03.png,341_03.png,silver
Images/341_04.png,341_04.png,gold
Images/341_05.png,341_05.png,silver
Images/342_01.png,342_01.png,silver
Images/342_02.png,342_02.png,silver
Images/342_03.png,342_03.png,silver
Images/342_04.png,342_04.png,silver
Images/342_05.png,342_05.png,silver
Images/342_06.png,342_06.png,silver
Images/342_07.png,342_07.png,silver
Images/342_08.png,342_08.png,silver
Images/343_01.png,343_01.png,silver
Images/343_02.png,343_02.png,silver
Images/343_03.png,343_03.png,silver
Images/344_01.png,344_01.png,silver
Images/344_02.png,344_02.png,gold
Images/344_03.png,344_03.png,silver
Images/344_04.png,344_04.png,silver
Images/344_05.png,344_05.png,silver
Images/345_01.png,345_01.png,gold
Images/345_02.png,345_02.png,silver
Images/345_03.png,345_03.png,gold
Images/346_01.png,346_01.png,silver
Images/346_02.png,346_02.png,silver
Images/346_03.png,346_03.png,silver
Images/346_04.png,346_04.png,silver
Images/347_01.png,347_01.png,gold
Images/347_02.png,347_02.png,silver
Images/347_03.png,347_03.png,silver
Images/347_04.png,347_04.png,gold
Images/348_01.png,348_01.png,silver
Images/349_01.png,349_01.png,silver
Images/349_02.png,349_02.png,silver
Images/350_01.png,350_01.png,silver
Images/350_02.png,350_02.png,silver
Images/350_03.png,350_03.png,silver
Images/350_04.png,350_04.png,gold
Images/350_05.png,350_05.png,silver
Images/350_06.png,350_06.png,silver
Images/351_01.png,351_01.png,silver
Images/351_02.png,351_02.png,silver
Images/351_03.png,351_03.png,silver
Images/352_01.png,352_01.png,gold
Images/352_02.png,352_02.png,silver
Images/352_03.png,352_03.png,silver
Images/352_04.png,352_04.png,gold
Images/352_05.png,352_05.png,silver
Images/353_01.png,353_01.png,silver
Images/353_02.png,353_02.png,silver
Images/353_03.png,353_03.png,silver
Images/353_04.png,353_04.png,silver
Images/353_05.png,353_05.png,gold
Images/354_01.png,354_01.png,silver
Images/354_02.png,354_02.png,silver
Images/354_03.png,354_03.png,silver
Images/354_04.png,354_04.png,silver
Images/354_05.png,354_05.png,silver
Images/355_01.png,355_01.png,silver
Images/355_02.png,355_02.png,silver
Images/355_03.png,355_03.png,silver
Images/356_01.png,356_01.png,silver
Images/357_01.png,357_01.png,silver
Images/357_02.png,357_02.png,gold
Images/357_03.png,357_03.png,silver
Images/358_01.png,358_01.png,silver
Images/358_02.png,358_02.png,silver
Images/359_01.png,359_01.png,silver
Images/359_02.png,359_02.png,silver
Images/360_01.png,360_01.png,silver
Images/361_01.png,361_01.png,silver
Images/361_02.png,361_02.png,gold
Images/361_03.png,361_03.png,silver
Images/362_01.png,362_01.png,silver
Images/362_02.png,362_02.png,silver
Images/362_03.png,362_03.png,silver
Images/362_04.png,362_04.png,silver
Images/363_01.png,363_01.png,silver
Images/363_02.png,363_02.png,silver
Images/363_03.png,363_03.png,silver
Images/363_04.png,363_04.png,silver
Images/363_05.png,363_05.png,silver
Images/363_06.png,363_06.png,silver
Images/364_01.png,364_01.png,silver
Images/365_01.png,365_01.png,gold
Images/366_01.png,366_01.png,silver
Images/366_02.png,366_02.png,silver
Images/366_03.png,366_03.png,silver
Images/366_04.png,366_04.png,silver
Images/367_01.png,367_01.png,gold
Images/368_01.png,368_01.png,gold
Images/368_02.png,368_02.png,silver
Images/368_03.png,368_03.png,silver
Images/368_04.png,368_04.png,silver
Images/368_05.png,368_05.png,silver
Images/369_01.png,369_01.png,gold
Images/369_02.png,369_02.png,silver
Images/369_03.png,369_03.png,gold
Images/369_04.png,369_04.png,silver
Images/369_05.png,369_05.png,silver
Images/369_06.png,369_06.png,silver
Images/370_01.png,370_01.png,silver
Images/370_02.png,370_02.png,silver
Images/371_01.png,371_01.png,silver
Images/371_02.png,371_02.png,silver
Images/371_03.png,371_03.png,silver
Images/372_01.png,372_01.png,silver
Images/372_02.png,372_02.png,silver
Images/372_03.png,372_03.png,silver
Images/372_04.png,372_04.png,silver
Images/372_05.png,372_05.png,silver
Images/372_06.png,372_06.png,silver
Images/373_01.png,373_01.png,silver
Images/374_01.png,374_01.png,silver
Images/374_02.png,374_02.png,silver
Images/374_03.png,374_03.png,silver
Images/375_01.png,375_01.png,silver
Images/376_01.png,376_01.png,silver
Images/377_01.png,377_01.png,silver
Images/377_02.png,377_02.png,silver
Images/377_03.png,377_03.png,silver
Images/377_04.png,377_04.png,silver
Images/378_01.png,378_01.png,silver
Images/379_01.png,379_01.png,silver
Images/379_02.png,379_02.png,silver
Images/380_01.png,380_01.png,silver
Images/380_02.png,380_02.png,silver
Images/381_01.png,381_01.png,silver
Images/381_02.png,381_02.png,silver
Images/381_03.png,381_03.png,silver
Images/382_01.png,382_01.png,silver
Images/383_01.png,383_01.png,silver
Images/383_02.png,383_02.png,silver
Images/383_03.png,383_03.png,silver
Images/383_04.png,383_04.png,silver
Images/384_01.png,384_01.png,silver
Images/384_02.png,384_02.png,silver
Images/384_03.png,384_03.png,silver
Images/384_04.png,384_04.png,silver
Images/384_05.png,384_05.png,silver
Images/385_01.png,385_01.png,silver
Images/385_02.png,385_02.png,silver
Images/386_01.png,386_01.png,silver
Images/387_01.png,387_01.png,silver
Images/388_01.png,388_01.png,silver
Images/388_02.png,388_02.png,silver
Images/388_03.png,388_03.png,silver
Images/389_01.png,389_01.png,silver
Images/389_02.png,389_02.png,silver
Images/390_01.png,390_01.png,silver
Images/390_02.png,390_02.png,silver
Images/390_03.png,390_03.png,silver
Images/390_04.png,390_04.png,silver
Images/391_01.png,391_01.png,silver
Images/391_02.png,391_02.png,silver
Images/392_01.png,392_01.png,gold
Images/392_02.png,392_02.png,silver
Images/392_03.png,392_03.png,silver
Images/392_04.png,392_04.png,silver
Images/392_05.png,392_05.png,silver
Images/392_06.png,392_06.png,silver
Images/392_07.png,392_07.png,gold
Images/393_01.png,393_01.png,silver
Images/393_02.png,393_02.png,silver
Images/393_03.png,393_03.png,silver
Images/393_04.png,393_04.png,silver
Images/393_05.png,393_05.png,silver
Images/393_06.png,393_06.png,silver
Images/393_07.png,393_07.png,silver
Images/393_08.png,393_08.png,silver
Images/393_09.png,393_09.png,silver
Images/393_10.png,393_10.png,silver
Images/393_11.png,393_11.png,silver
Images/394_01.png,394_01.png,silver
Images/395_01.png,395_01.png,silver
Images/395_02.png,395_02.png,silver
Images/396_01.png,396_01.png,silver
Images/397_01.png,397_01.png,silver
Images/398_01.png,398_01.png,silver
Images/399_01.png,399_01.png,gold
Images/399_02.png,399_02.png,gold
Images/399_03.png,399_03.png,silver
Images/399_04.png,399_04.png,silver
Images/400_01.png,400_01.png,gold
Images/400_02.png,400_02.png,silver
Images/400_03.png,400_03.png,silver
Images/401_01.png,401_01.png,gold
Images/401_02.png,401_02.png,gold
Images/401_03.png,401_03.png,silver
Images/401_04.png,401_04.png,silver
Images/401_05.png,401_05.png,silver
Images/402_01.png,402_01.png,gold
Images/402_02.png,402_02.png,silver
Images/403_01.png,403_01.png,silver
Images/404_01.png,404_01.png,gold
Images/405_01.png,405_01.png,silver
Images/405_02.png,405_02.png,silver
Images/405_03.png,405_03.png,silver
Images/405_04.png,405_04.png,silver
Images/405_05.png,405_05.png,silver
Images/406_01.png,406_01.png,silver
Images/406_02.png,406_02.png,gold
Images/406_03.png,406_03.png,silver
Images/406_04.png,406_04.png,silver
Images/406_05.png,406_05.png,silver
Images/406_06.png,406_06.png,silver
Images/407_01.png,407_01.png,silver
Images/407_02.png,407_02.png,silver
Images/407_03.png,407_03.png,silver
Images/408_01.png,408_01.png,silver
Images/408_02.png,408_02.png,silver
Images/409_01.png,409_01.png,silver
Images/409_02.png,409_02.png,silver
Images/409_03.png,409_03.png,silver
Images/409_04.png,409_04.png,silver
Images/409_05.png,409_05.png,silver
Images/409_06.png,409_06.png,silver
Images/410_01.png,410_01.png,silver
Images/411_01.png,411_01.png,silver
Images/411_02.png,411_02.png,silver
Images/411_03.png,411_03.png,silver
Images/411_04.png,411_04.png,silver
Images/412_01.png,412_01.png,silver
Images/412_02.png,412_02.png,gold
Images/412_03.png,412_03.png,silver
Images/412_04.png,412_04.png,silver
Images/413_01.png,413_01.png,silver
Images/414_01.png,414_01.png,silver
Images/414_02.png,414_02.png,silver
Images/414_03.png,414_03.png,silver
Images/414_04.png,414_04.png,silver
Images/414_05.png,414_05.png,silver
Images/414_06.png,414_06.png,silver
Images/414_07.png,414_07.png,gold
Images/414_08.png,414_08.png,silver
Images/414_09.png,414_09.png,silver
Images/414_10.png,414_10.png,silver
Images/415_01.png,415_01.png,silver
Images/416_01.png,416_01.png,silver
Images/417_01.png,417_01.png,silver
Images/418_01.png,418_01.png,silver
Images/419_01.png,419_01.png,silver
Images/419_02.png,419_02.png,silver
Images/420_01.png,420_01.png,silver
Images/420_02.png,420_02.png,silver
Images/420_03.png,420_03.png,silver
Images/420_04.png,420_04.png,silver
Images/420_05.png,420_05.png,silver
Images/420_06.png,420_06.png,silver
Images/420_07.png,420_07.png,silver
Images/420_08.png,420_08.png,silver
Images/421_01.png,421_01.png,silver
Images/421_02.png,421_02.png,gold
Images/421_03.png,421_03.png,silver
Images/421_04.png,421_04.png,silver
Images/421_05.png,421_05.png,silver
Images/421_06.png,421_06.png,silver
Images/421_07.png,421_07.png,silver
Images/422_01.png,422_01.png,silver
Images/423_01.png,423_01.png,silver
Images/424_01.png,424_01.png,silver
Images/425_01.png,425_01.png,silver
Images/426_01.png,426_01.png,silver
Images/427_01.png,427_01.png,silver
Images/427_02.png,427_02.png,silver
Images/428_01.png,428_01.png,gold
Images/429_01.png,429_01.png,silver
Images/430_01.png,430_01.png,silver
Images/430_02.png,430_02.png,gold
Images/430_03.png,430_03.png,silver
Images/430_04.png,430_04.png,gold
Images/430_05.png,430_05.png,silver
Images/430_06.png,430_06.png,silver
Images/430_07.png,430_07.png,silver
Images/430_08.png,430_08.png,silver
Images/430_09.png,430_09.png,silver
Images/431_01.png,431_01.png,silver
Images/431_02.png,431_02.png,silver
Images/431_03.png,431_03.png,silver
Images/431_04.png,431_04.png,silver
Images/431_05.png,431_05.png,silver
Images/432_01.png,432_01.png,silver
Images/432_02.png,432_02.png,silver
Images/432_03.png,432_03.png,silver
Images/432_04.png,432_04.png,gold
Images/433_01.png,433_01.png,silver
Images/433_02.png,433_02.png,gold
Images/433_03.png,433_03.png,silver
Images/433_04.png,433_04.png,silver
Images/434_01.png,434_01.png,silver
Images/434_02.png,434_02.png,gold
Images/434_03.png,434_03.png,silver
Images/434_04.png,434_04.png,silver
Images/434_05.png,434_05.png,silver
Images/434_06.png,434_06.png,silver
Images/434_07.png,434_07.png,silver
Images/434_08.png,434_08.png,silver
Images/435_01.png,435_01.png,silver
Images/436_01.png,436_01.png,silver
Images/436_02.png,436_02.png,silver
Images/436_03.png,436_03.png,silver
Images/436_04.png,436_04.png,gold
Images/436_05.png,436_05.png,silver
Images/436_06.png,436_06.png,gold
Images/436_07.png,436_07.png,silver
Images/436_08.png,436_08.png,silver
Images/437_01.png,437_01.png,silver
Images/437_02.png,437_02.png,silver
Images/437_03.png,437_03.png,silver
Images/437_04.png,437_04.png,silver
Images/438_01.png,438_01.png,gold
Images/438_02.png,438_02.png,silver
Images/438_03.png,438_03.png,silver
Images/439_01.png,439_01.png,silver
Images/439_02.png,439_02.png,silver
Images/439_03.png,439_03.png,silver
Images/439_04.png,439_04.png,gold
Images/439_05.png,439_05.png,silver
Images/439_06.png,439_06.png,silver
Images/440_01.png,440_01.png,silver
Images/440_02.png,440_02.png,silver
Images/441_01.png,441_01.png,silver
Images/441_02.png,441_02.png,silver
Images/442_01.png,442_01.png,silver
Images/442_02.png,442_02.png,silver
Images/442_03.png,442_03.png,silver
Images/442_04.png,442_04.png,silver
Images/443_01.png,443_01.png,silver
Images/443_02.png,443_02.png,silver
Images/443_03.png,443_03.png,silver
Images/443_04.png,443_04.png,silver
Images/443_05.png,443_05.png,silver
Images/444_01.png,444_01.png,gold
Images/444_02.png,444_02.png,silver
Images/444_03.png,444_03.png,silver
Images/444_04.png,444_04.png,silver
Images/445_01.png,445_01.png,silver
Images/445_02.png,445_02.png,silver
Images/445_03.png,445_03.png,silver
Images/446_01.png,446_01.png,gold
Images/446_02.png,446_02.png,silver
Images/447_01.png,447_01.png,silver
Images/447_02.png,447_02.png,silver
Images/448_01.png,448_01.png,silver
Images/449_01.png,449_01.png,silver
Images/450_01.png,450_01.png,silver
Images/451_01.png,451_01.png,gold
Images/452_01.png,452_01.png,gold
Images/453_01.png,453_01.png,silver
Images/454_01.png,454_01.png,silver
Images/455_01.png,455_01.png,silver
Images/456_01.png,456_01.png,silver
Images/456_02.png,456_02.png,silver
Images/456_03.png,456_03.png,silver
Images/456_04.png,456_04.png,gold
Images/456_05.png,456_05.png,silver
Images/456_06.png,456_06.png,silver
Images/456_07.png,456_07.png,silver
Images/457_01.png,457_01.png,silver
Images/457_02.png,457_02.png,silver
Images/457_03.png,457_03.png,silver
Images/457_04.png,457_04.png,gold
Images/458_01.png,458_01.png,silver
Images/458_02.png,458_02.png,silver
Images/458_03.png,458_03.png,silver
Images/458_04.png,458_04.png,silver
Images/459_01.png,459_01.png,silver
Images/459_02.png,459_02.png,silver
Images/459_03.png,459_03.png,silver
Images/460_01.png,460_01.png,silver
Images/460_02.png,460_02.png,gold
Images/461_01.png,461_01.png,silver
Images/462_01.png,462_01.png,gold
Images/462_02.png,462_02.png,gold
Images/463_01.png,463_01.png,silver
Images/463_02.png,463_02.png,silver
Images/463_03.png,463_03.png,silver
Images/463_04.png,463_04.png,silver
Images/463_05.png,463_05.png,silver
Images/464_01.png,464_01.png,silver
Images/465_01.png,465_01.png,silver
Images/465_02.png,465_02.png,silver
Images/466_01.png,466_01.png,silver
Images/466_02.png,466_02.png,silver
Images/467_01.png,467_01.png,silver
Images/467_02.png,467_02.png,gold
Images/467_03.png,467_03.png,silver
Images/467_04.png,467_04.png,silver
Images/468_01.png,468_01.png,silver
Images/468_02.png,468_02.png,silver
Images/468_03.png,468_03.png,silver
Images/469_01.png,469_01.png,silver
Images/469_02.png,469_02.png,silver
Images/469_03.png,469_03.png,silver
Images/470_01.png,470_01.png,silver
Images/470_02.png,470_02.png,silver
Images/471_01.png,471_01.png,silver
Images/471_02.png,471_02.png,gold
Images/472_01.png,472_01.png,silver
Images/473_01.png,473_01.png,silver
Images/474_01.png,474_01.png,gold
Images/474_02.png,474_02.png,silver
Images/474_03.png,474_03.png,silver
Images/474_04.png,474_04.png,silver
Images/474_05.png,474_05.png,silver
Images/475_01.png,475_01.png,silver
Images/475_02.png,475_02.png,silver
Images/475_03.png,475_03.png,silver
Images/475_04.png,475_04.png,silver
Images/475_05.png,475_05.png,silver
Images/475_06.png,475_06.png,silver
Images/475_07.png,475_07.png,silver
Images/476_01.png,476_01.png,silver
Images/477_01.png,477_01.png,silver
Images/477_02.png,477_02.png,silver
Images/477_03.png,477_03.png,silver
Images/478_01.png,478_01.png,silver
Images/478_02.png,478_02.png,silver
Images/478_03.png,478_03.png,silver
Images/478_04.png,478_04.png,silver
Images/479_01.png,479_01.png,silver
Images/479_02.png,479_02.png,silver
Images/479_03.png,479_03.png,silver
Images/480_01.png,480_01.png,silver
Images/481_01.png,481_01.png,silver
Images/481_02.png,481_02.png,silver
Images/481_03.png,481_03.png,silver
Images/482_01.png,482_01.png,silver
Images/483_01.png,483_01.png,silver
Images/483_02.png,483_02.png,gold
Images/483_03.png,483_03.png,silver
Images/483_04.png,483_04.png,silver
Images/484_01.png,484_01.png,gold
Images/484_02.png,484_02.png,silver
Images/485_01.png,485_01.png,silver
Images/485_02.png,485_02.png,silver
Images/486_01.png,486_01.png,silver
Images/487_01.png,487_01.png,silver
Images/488_01.png,488_01.png,silver
Images/488_02.png,488_02.png,silver
Images/489_01.png,489_01.png,silver
Images/489_02.png,489_02.png,silver
Images/489_03.png,489_03.png,silver
Images/490_01.png,490_01.png,silver
Images/490_02.png,490_02.png,silver
Images/490_03.png,490_03.png,silver
Images/491_01.png,491_01.png,silver
Images/492_01.png,492_01.png,silver
Images/492_02.png,492_02.png,silver
Images/492_03.png,492_03.png,silver
Images/493_01.png,493_01.png,silver
Images/493_02.png,493_02.png,silver
Images/494_01.png,494_01.png,silver
Images/494_02.png,494_02.png,silver
Images/495_01.png,495_01.png,silver
Images/495_02.png,495_02.png,silver
Images/495_03.png,495_03.png,gold
Images/495_04.png,495_04.png,silver
Images/496_01.png,496_01.png,gold
Images/496_02.png,496_02.png,silver
Images/496_03.png,496_03.png,silver
Images/496_04.png,496_04.png,silver
Images/496_05.png,496_05.png,silver
Images/496_06.png,496_06.png,gold
Images/496_07.png,496_07.png,silver
Images/497_01.png,497_01.png,silver
Images/497_02.png,497_02.png,silver
Images/497_03.png,497_03.png,silver
Images/497_04.png,497_04.png,silver
Images/498_01.png,498_01.png,silver
Images/498_02.png,498_02.png,silver
Images/498_03.png,498_03.png,silver
Images/499_01.png,499_01.png,silver
Images/499_02.png,499_02.png,silver
Images/500_01.png,500_01.png,silver
Images/501_01.png,501_01.png,silver
Images/501_02.png,501_02.png,silver
Images/501_03.png,501_03.png,silver
Images/501_04.png,501_04.png,silver
Images/501_05.png,501_05.png,silver
Images/501_06.png,501_06.png,silver
Images/501_07.png,501_07.png,silver
Images/502_01.png,502_01.png,silver
Images/502_02.png,502_02.png,silver
Images/503_01.png,503_01.png,silver
Images/504_01.png,504_01.png,gold
Images/504_02.png,504_02.png,silver
Images/505_01.png,505_01.png,gold
Images/506_01.png,506_01.png,silver
Images/506_02.png,506_02.png,silver
Images/507_01.png,507_01.png,silver
Images/507_02.png,507_02.png,silver
Images/507_03.png,507_03.png,silver
Images/507_04.png,507_04.png,silver
Images/507_05.png,507_05.png,silver
Images/508_01.png,508_01.png,gold
Images/508_02.png,508_02.png,gold
Images/508_03.png,508_03.png,silver
Images/508_04.png,508_04.png,silver
Images/508_05.png,508_05.png,silver
Images/509_01.png,509_01.png,silver
Images/510_01.png,510_01.png,silver
Images/510_02.png,510_02.png,silver
Images/511_01.png,511_01.png,gold
Images/512_01.png,512_01.png,gold
Images/512_02.png,512_02.png,silver
Images/513_01.png,513_01.png,silver
Images/513_02.png,513_02.png,silver
Images/513_03.png,513_03.png,silver
Images/514_01.png,514_01.png,silver
Images/515_01.png,515_01.png,silver
Images/515_02.png,515_02.png,silver
Images/515_03.png,515_03.png,silver
Images/516_01.png,516_01.png,gold
Images/516_02.png,516_02.png,silver
Images/516_03.png,516_03.png,silver
Images/516_04.png,516_04.png,silver
Images/517_01.png,517_01.png,silver
Images/517_02.png,517_02.png,silver
Images/518_01.png,518_01.png,silver
Images/519_01.png,519_01.png,gold
Images/520_01.png,520_01.png,silver
Images/520_02.png,520_02.png,silver
Images/520_03.png,520_03.png,silver
Images/520_04.png,520_04.png,silver
Images/521_01.png,521_01.png,silver
Images/521_02.png,521_02.png,silver
Images/522_01.png,522_01.png,silver
Images/523_01.png,523_01.png,silver
Images/523_02.png,523_02.png,gold
Images/523_03.png,523_03.png,silver
Images/523_04.png,523_04.png,silver
Images/524_01.png,524_01.png,silver
Images/524_02.png,524_02.png,silver
Images/524_03.png,524_03.png,gold
Images/524_04.png,524_04.png,silver
Images/525_01.png,525_01.png,silver
Images/525_02.png,525_02.png,gold
Images/525_03.png,525_03.png,silver
Images/526_01.png,526_01.png,silver
Images/527_01.png,527_01.png,silver
Images/528_01.png,528_01.png,silver
Images/528_02.png,528_02.png,silver
Images/528_03.png,528_03.png,gold
Images/528_04.png,528_04.png,silver
Images/528_05.png,528_05.png,silver
Images/528_06.png,528_06.png,silver
Images/529_01.png,529_01.png,silver
Images/529_02.png,529_02.png,gold
Images/529_03.png,529_03.png,silver
Images/529_04.png,529_04.png,silver
Images/529_05.png,529_05.png,silver
Images/530_01.png,530_01.png,silver
Images/530_02.png,530_02.png,silver
Images/531_01.png,531_01.png,silver
Images/531_02.png,531_02.png,gold
Images/532_01.png,532_01.png,silver
Images/532_02.png,532_02.png,silver
Images/533_01.png,533_01.png,silver
Images/533_02.png,533_02.png,silver
Images/533_03.png,533_03.png,silver
Images/534_01.png,534_01.png,silver
Images/535_01.png,535_01.png,silver
Images/535_02.png,535_02.png,silver
Images/535_03.png,535_03.png,silver
Images/535_04.png,535_04.png,silver
Images/536_01.png,536_01.png,silver
Images/537_01.png,537_01.png,gold
Images/538_01.png,538_01.png,silver
Images/539_01.png,539_01.png,silver
Images/539_02.png,539_02.png,gold
Images/540_01.png,540_01.png,silver
Images/541_01.png,541_01.png,gold
Images/541_02.png,541_02.png,silver
Images/541_03.png,541_03.png,silver
Images/542_01.png,542_01.png,silver
Images/542_02.png,542_02.png,silver
Images/543_01.png,543_01.png,silver
Images/543_02.png,543_02.png,silver
Images/543_03.png,543_03.png,silver
Images/544_01.png,544_01.png,silver
Images/544_02.png,544_02.png,silver
Images/545_01.png,545_01.png,gold
Images/546_01.png,546_01.png,silver
Images/546_02.png,546_02.png,silver
Images/547_01.png,547_01.png,silver
Images/547_02.png,547_02.png,silver
Images/547_03.png,547_03.png,silver
Images/547_04.png,547_04.png,silver
Images/547_05.png,547_05.png,gold
Images/547_06.png,547_06.png,silver
Images/548_01.png,548_01.png,silver
Images/548_02.png,548_02.png,silver
Images/549_01.png,549_01.png,gold
Images/550_01.png,550_01.png,silver
Images/550_02.png,550_02.png,silver
Images/550_03.png,550_03.png,silver
Images/551_01.png,551_01.png,silver
Images/552_01.png,552_01.png,silver
Images/553_01.png,553_01.png,silver
Images/553_02.png,553_02.png,silver
Images/553_03.png,553_03.png,silver
Images/553_04.png,553_04.png,silver
Images/553_05.png,553_05.png,silver
Images/553_06.png,553_06.png,silver
Images/554_01.png,554_01.png,silver
Images/554_02.png,554_02.png,silver
Images/554_03.png,554_03.png,silver
Images/554_04.png,554_04.png,silver
Images/554_05.png,554_05.png,silver
Images/555_01.png,555_01.png,silver
Images/556_01.png,556_01.png,gold
Images/556_02.png,556_02.png,silver
Images/557_01.png,557_01.png,silver
Images/557_02.png,557_02.png,silver
Images/558_01.png,558_01.png,silver
Images/558_02.png,558_02.png,gold
Images/558_03.png,558_03.png,silver
Images/558_04.png,558_04.png,silver
Images/559_01.png,559_01.png,silver
Images/559_02.png,559_02.png,silver
Images/559_03.png,559_03.png,silver
Images/560_01.png,560_01.png,gold
Images/560_02.png,560_02.png,gold
Images/561_01.png,561_01.png,silver
Images/562_01.png,562_01.png,silver
Images/562_02.png,562_02.png,silver
Images/563_01.png,563_01.png,gold
Images/563_02.png,563_02.png,silver
Images/564_01.png,564_01.png,silver
Images/564_02.png,564_02.png,silver
Images/564_03.png,564_03.png,gold
Images/565_01.png,565_01.png,silver
Images/566_01.png,566_01.png,silver
Images/566_02.png,566_02.png,silver
Images/566_03.png,566_03.png,silver
Images/567_01.png,567_01.png,silver
Images/568_01.png,568_01.png,silver
Images/569_01.png,569_01.png,silver
Images/569_02.png,569_02.png,silver
Images/569_03.png,569_03.png,silver
Images/570_01.png,570_01.png,silver
Images/571_01.png,571_01.png,silver
Images/571_02.png,571_02.png,silver
Images/571_03.png,571_03.png,silver
Images/572_01.png,572_01.png,silver
Images/572_02.png,572_02.png,silver
Images/572_03.png,572_03.png,silver
Images/573_01.png,573_01.png,gold
Images/574_01.png,574_01.png,gold
Images/574_02.png,574_02.png,silver
Images/575_01.png,575_01.png,silver
Images/576_01.png,576_01.png,silver
Images/577_01.png,577_01.png,silver
Images/578_01.png,578_01.png,silver
Images/578_02.png,578_02.png,silver
Images/579_01.png,579_01.png,gold
Images/580_01.png,580_01.png,silver
Images/581_01.png,581_01.png,silver
Images/581_02.png,581_02.png,silver
Images/582_01.png,582_01.png,silver
Images/583_01.png,583_01.png,silver
Images/583_02.png,583_02.png,silver
Images/583_03.png,583_03.png,silver
Images/584_01.png,584_01.png,silver
Images/585_01.png,585_01.png,silver
Images/586_01.png,586_01.png,silver
Images/586_02.png,586_02.png,silver
Images/587_01.png,587_01.png,silver
Images/587_02.png,587_02.png,gold
Images/588_01.png,588_01.png,silver
Images/588_02.png,588_02.png,silver
Images/588_03.png,588_03.png,silver
Images/588_04.png,588_04.png,gold
Images/588_05.png,588_05.png,silver
Images/588_06.png,588_06.png,silver
Images/588_07.png,588_07.png,silver
Images/588_08.png,588_08.png,silver
Images/588_09.png,588_09.png,silver
Images/588_10.png,588_10.png,gold
Images/588_11.png,588_11.png,silver
Images/589_01.png,589_01.png,silver
Images/589_02.png,589_02.png,silver
Images/589_03.png,589_03.png,silver
Images/589_04.png,589_04.png,silver
Images/590_01.png,590_01.png,silver
Images/590_02.png,590_02.png,silver
Images/590_03.png,590_03.png,silver
Images/590_04.png,590_04.png,silver
Images/591_01.png,591_01.png,silver
Images/591_02.png,591_02.png,silver
Images/591_03.png,591_03.png,gold
Images/591_04.png,591_04.png,silver
Images/592_01.png,592_01.png,silver
Images/593_01.png,593_01.png,silver
Images/593_02.png,593_02.png,silver
Images/593_03.png,593_03.png,silver
Images/594_01.png,594_01.png,silver
Images/595_01.png,595_01.png,silver
Images/595_02.png,595_02.png,silver
Images/596_01.png,596_01.png,silver
Images/597_01.png,597_01.png,silver
Images/597_02.png,597_02.png,silver
Images/598_01.png,598_01.png,silver
Images/598_02.png,598_02.png,silver
Images/599_01.png,599_01.png,silver
Images/599_02.png,599_02.png,silver
Images/599_03.png,599_03.png,silver
Images/599_04.png,599_04.png,silver
Images/600_01.png,600_01.png,silver
Images/600_02.png,600_02.png,silver
Images/600_03.png,600_03.png,silver
Images/600_04.png,600_04.png,gold
Images/601_01.png,601_01.png,silver
Images/601_02.png,601_02.png,silver
Images/601_03.png,601_03.png,silver
Images/601_04.png,601_04.png,silver
Images/602_01.png,602_01.png,silver
Images/602_02.png,602_02.png,silver
Images/602_03.png,602_03.png,gold
Images/602_04.png,602_04.png,silver
Images/603_01.png,603_01.png,silver
Images/603_02.png,603_02.png,silver
Images/603_03.png,603_03.png,gold
Images/603_04.png,603_04.png,silver
Images/603_05.png,603_05.png,silver
Images/603_06.png,603_06.png,silver
Images/603_07.png,603_07.png,silver
Images/603_08.png,603_08.png,silver
Images/603_09.png,603_09.png,silver
Images/604_01.png,604_01.png,silver
Images/604_02.png,604_02.png,silver
Images/604_03.png,604_03.png,silver
Images/604_04.png,604_04.png,silver
Images/605_01.png,605_01.png,silver
Images/605_02.png,605_02.png,silver
Images/605_03.png,605_03.png,silver
Images/605_04.png,605_04.png,silver
Images/606_01.png,606_01.png,silver
Images/606_02.png,606_02.png,silver
Images/606_03.png,606_03.png,silver
Images/607_01.png,607_01.png,silver
Images/607_02.png,607_02.png,silver
Images/607_03.png,607_03.png,silver
Images/607_04.png,607_04.png,silver
Images/607_05.png,607_05.png,silver
Images/607_06.png,607_06.png,gold
Images/607_07.png,607_07.png,silver
Images/607_08.png,607_08.png,silver
Images/607_09.png,607_09.png,silver
Images/607_10.png,607_10.png,silver
Images/608_01.png,608_01.png,gold
Images/608_02.png,608_02.png,gold
Images/608_03.png,608_03.png,gold
Images/608_04.png,608_04.png,silver
Images/608_05.png,608_05.png,silver
Images/609_01.png,609_01.png,silver
Images/609_02.png,609_02.png,silver
Images/610_01.png,610_01.png,silver
Images/610_02.png,610_02.png,silver
Images/610_03.png,610_03.png,silver
Images/610_04.png,610_04.png,silver
Images/610_05.png,610_05.png,silver
Images/611_01.png,611_01.png,gold
Images/611_02.png,611_02.png,silver
Images/612_01.png,612_01.png,silver
Images/613_01.png,613_01.png,silver
Images/614_01.png,614_01.png,silver
Images/614_02.png,614_02.png,silver
Images/614_03.png,614_03.png,silver
Images/615_01.png,615_01.png,silver
Images/615_02.png,615_02.png,gold
Images/615_03.png,615_03.png,silver
Images/615_04.png,615_04.png,silver
Images/616_01.png,616_01.png,silver
Images/616_02.png,616_02.png,gold
Images/616_03.png,616_03.png,silver
Images/616_04.png,616_04.png,silver
Images/617_01.png,617_01.png,silver
Images/617_02.png,617_02.png,silver
Images/617_03.png,617_03.png,silver
Images/617_04.png,617_04.png,silver
Images/618_01.png,618_01.png,silver
Images/618_02.png,618_02.png,gold
Images/618_03.png,618_03.png,silver
Images/618_04.png,618_04.png,silver
Images/619_01.png,619_01.png,silver
Images/619_02.png,619_02.png,silver
Images/620_01.png,620_01.png,silver
Images/621_01.png,621_01.png,silver
Images/621_02.png,621_02.png,silver
Images/622_01.png,622_01.png,silver
Images/622_02.png,622_02.png,silver
Images/623_01.png,623_01.png,silver
Images/623_02.png,623_02.png,silver
Images/624_01.png,624_01.png,silver
Images/624_02.png,624_02.png,silver
Images/624_03.png,624_03.png,silver
Images/624_04.png,624_04.png,silver
Images/625_01.png,625_01.png,silver
Images/625_02.png,625_02.png,silver
Images/625_03.png,625_03.png,silver
Images/626_01.png,626_01.png,silver
Images/626_02.png,626_02.png,silver
Images/626_03.png,626_03.png,silver
Images/626_04.png,626_04.png,silver
Images/626_05.png,626_05.png,silver
Images/626_06.png,626_06.png,silver
Images/626_07.png,626_07.png,silver
Images/626_08.png,626_08.png,silver
Images/626_09.png,626_09.png,gold
Images/627_01.png,627_01.png,silver
Images/627_02.png,627_02.png,silver
Images/627_03.png,627_03.png,silver
Images/627_04.png,627_04.png,silver
Images/628_01.png,628_01.png,silver
Images/628_02.png,628_02.png,gold
Images/628_03.png,628_03.png,silver
Images/628_04.png,628_04.png,silver
Images/628_05.png,628_05.png,silver
Images/628_06.png,628_06.png,silver
Images/628_07.png,628_07.png,silver
Images/628_08.png,628_08.png,silver
Images/629_01.png,629_01.png,silver
Images/629_02.png,629_02.png,silver
Images/629_03.png,629_03.png,silver
Images/629_04.png,629_04.png,silver
Images/629_05.png,629_05.png,gold
Images/629_06.png,629_06.png,silver
Images/629_07.png,629_07.png,silver
Images/629_08.png,629_08.png,silver
Images/629_09.png,629_09.png,silver
Images/630_01.png,630_01.png,silver
Images/630_02.png,630_02.png,silver
Images/630_03.png,630_03.png,silver
Images/630_04.png,630_04.png,silver
Images/631_01.png,631_01.png,silver
Images/631_02.png,631_02.png,silver
Images/631_03.png,631_03.png,silver
Images/631_04.png,631_04.png,silver
Images/631_05.png,631_05.png,silver
Images/631_06.png,631_06.png,silver
Images/631_07.png,631_07.png,silver
Images/631_08.png,631_08.png,silver
Images/631_09.png,631_09.png,silver
Images/632_01.png,632_01.png,silver
Images/632_02.png,632_02.png,silver
Images/632_03.png,632_03.png,gold
Images/632_04.png,632_04.png,silver
Images/633_01.png,633_01.png,silver
Images/633_02.png,633_02.png,silver
Images/634_01.png,634_01.png,gold
Images/634_02.png,634_02.png,silver
Images/634_03.png,634_03.png,silver
Images/634_04.png,634_04.png,silver
Images/634_05.png,634_05.png,gold
Images/635_01.png,635_01.png,silver
Images/635_02.png,635_02.png,silver
Images/635_03.png,635_03.png,silver
Images/636_01.png,636_01.png,silver
Images/636_02.png,636_02.png,silver
Images/636_03.png,636_03.png,silver
Images/636_04.png,636_04.png,silver
Images/636_05.png,636_05.png,silver
Images/636_06.png,636_06.png,silver
Images/636_07.png,636_07.png,gold
Images/636_08.png,636_08.png,gold
Images/636_09.png,636_09.png,silver
Images/637_01.png,637_01.png,silver
Images/637_02.png,637_02.png,silver
Images/637_03.png,637_03.png,silver
Images/637_04.png,637_04.png,silver
Images/638_01.png,638_01.png,silver
Images/639_01.png,639_01.png,silver
Images/639_02.png,639_02.png,silver
Images/639_03.png,639_03.png,silver
Images/639_04.png,639_04.png,silver
Images/639_05.png,639_05.png,silver
Images/639_06.png,639_06.png,gold
Images/639_07.png,639_07.png,silver
Images/640_01.png,640_01.png,silver
Images/640_02.png,640_02.png,silver
Images/640_03.png,640_03.png,gold
Images/640_04.png,640_04.png,silver
Images/641_01.png,641_01.png,gold
Images/642_01.png,642_01.png,silver
Images/642_02.png,642_02.png,silver
Images/642_03.png,642_03.png,silver
Images/642_04.png,642_04.png,silver
Images/643_01.png,643_01.png,silver
Images/643_02.png,643_02.png,gold
Images/643_03.png,643_03.png,silver
Images/644_01.png,644_01.png,silver
Images/644_02.png,644_02.png,silver
Images/644_03.png,644_03.png,silver
Images/645_01.png,645_01.png,silver
Images/646_01.png,646_01.png,silver
Images/646_02.png,646_02.png,silver
Images/646_03.png,646_03.png,silver
Images/646_04.png,646_04.png,silver
Images/646_05.png,646_05.png,silver
Images/647_01.png,647_01.png,silver
Images/647_02.png,647_02.png,silver
Images/647_03.png,647_03.png,silver
Images/648_01.png,648_01.png,silver
Images/648_02.png,648_02.png,silver
Images/648_03.png,648_03.png,silver
Images/648_04.png,648_04.png,silver
Images/648_05.png,648_05.png,silver
Images/648_06.png,648_06.png,silver
Images/648_07.png,648_07.png,silver
Images/648_08.png,648_08.png,silver
Images/648_09.png,648_09.png,gold
Images/649_01.png,649_01.png,silver
Images/649_02.png,649_02.png,silver
Images/649_03.png,649_03.png,silver
Images/649_04.png,649_04.png,silver
Images/649_05.png,649_05.png,gold
Images/649_06.png,649_06.png,silver
Images/649_07.png,649_07.png,silver
Images/650_01.png,650_01.png,silver
Images/651_01.png,651_01.png,silver
Images/652_01.png,652_01.png,silver
Images/652_02.png,652_02.png,silver
Images/652_03.png,652_03.png,silver
Images/652_04.png,652_04.png,gold
Images/653_01.png,653_01.png,silver
Images/654_01.png,654_01.png,silver
Images/654_02.png,654_02.png,silver
Images/654_03.png,654_03.png,silver
Images/655_01.png,655_01.png,silver
Images/655_02.png,655_02.png,silver
Images/655_03.png,655_03.png,silver
Images/656_01.png,656_01.png,silver
Images/656_02.png,656_02.png,silver
Images/657_01.png,657_01.png,silver
Images/657_02.png,657_02.png,silver
Images/657_03.png,657_03.png,silver
Images/657_04.png,657_04.png,silver
Images/657_05.png,657_05.png,silver
Images/657_06.png,657_06.png,silver
Images/658_01.png,658_01.png,gold
Images/658_02.png,658_02.png,silver
Images/658_03.png,658_03.png,silver
Images/658_04.png,658_04.png,silver
Images/658_05.png,658_05.png,silver
Images/658_06.png,658_06.png,silver
Images/658_07.png,658_07.png,silver
Images/658_08.png,658_08.png,silver
Images/659_01.png,659_01.png,gold
Images/660_01.png,660_01.png,silver
Images/660_02.png,660_02.png,silver
Images/660_03.png,660_03.png,gold
Images/661_01.png,661_01.png,silver
Images/661_02.png,661_02.png,gold
Images/662_01.png,662_01.png,gold
Images/662_02.png,662_02.png,silver
Images/663_01.png,663_01.png,silver
Images/664_01.png,664_01.png,gold
Images/664_02.png,664_02.png,silver
Images/665_01.png,665_01.png,silver
Images/665_02.png,665_02.png,silver
Images/666_01.png,666_01.png,silver
Images/666_02.png,666_02.png,silver
Images/666_03.png,666_03.png,silver
Images/666_04.png,666_04.png,silver
Images/666_05.png,666_05.png,silver
Images/666_06.png,666_06.png,silver
Images/667_01.png,667_01.png,silver
Images/667_02.png,667_02.png,gold
Images/668_01.png,668_01.png,silver
Images/668_02.png,668_02.png,silver
Images/669_01.png,669_01.png,silver
Images/670_01.png,670_01.png,silver
Images/671_01.png,671_01.png,gold
Images/672_01.png,672_01.png,silver
Images/672_02.png,672_02.png,silver
Images/673_01.png,673_01.png,silver
Images/674_01.png,674_01.png,silver
Images/674_02.png,674_02.png,silver
Images/674_03.png,674_03.png,silver
Images/675_01.png,675_01.png,silver
Images/676_01.png,676_01.png,silver
Images/676_02.png,676_02.png,silver
Images/677_01.png,677_01.png,gold
Images/677_02.png,677_02.png,silver
Images/678_01.png,678_01.png,gold
Images/678_02.png,678_02.png,silver
Images/678_03.png,678_03.png,silver
Images/679_01.png,679_01.png,silver
Images/680_01.png,680_01.png,silver
Images/680_02.png,680_02.png,silver
Images/681_01.png,681_01.png,silver
Images/682_01.png,682_01.png,silver
Images/683_01.png,683_01.png,silver
Images/684_01.png,684_01.png,silver
Images/684_02.png,684_02.png,silver
Images/684_03.png,684_03.png,silver
Images/685_01.png,685_01.png,silver
Images/686_01.png,686_01.png,silver
Images/686_02.png,686_02.png,silver
Images/686_03.png,686_03.png,silver
Images/687_01.png,687_01.png,gold
Images/687_02.png,687_02.png,silver
Images/687_03.png,687_03.png,silver
Images/688_01.png,688_01.png,silver
Images/689_01.png,689_01.png,gold
Images/689_02.png,689_02.png,gold
Images/690_01.png,690_01.png,silver
Images/690_02.png,690_02.png,silver
Images/691_01.png,691_01.png,silver
Images/691_02.png,691_02.png,silver
Images/692_01.png,692_01.png,silver
Images/692_02.png,692_02.png,silver
Images/693_01.png,693_01.png,gold
Images/693_02.png,693_02.png,silver
Images/694_01.png,694_01.png,silver
Images/695_01.png,695_01.png,silver
Images/695_02.png,695_02.png,silver
Images/696_01.png,696_01.png,silver
Images/696_02.png,696_02.png,silver
Images/697_01.png,697_01.png,silver
Images/697_02.png,697_02.png,silver
Images/698_01.png,698_01.png,silver
Images/698_02.png,698_02.png,silver
Images/698_03.png,698_03.png,silver
Images/699_01.png,699_01.png,silver
Images/700_01.png,700_01.png,silver
Images/701_01.png,701_01.png,silver
Images/701_02.png,701_02.png,silver
Images/701_03.png,701_03.png,silver
Images/702_01.png,702_01.png,gold
Images/703_01.png,703_01.png,silver
Images/704_01.png,704_01.png,silver
Images/704_02.png,704_02.png,gold
Images/705_01.png,705_01.png,silver
Images/706_01.png,706_01.png,silver
Images/706_02.png,706_02.png,silver
Images/707_01.png,707_01.png,silver
Images/707_02.png,707_02.png,silver
Images/708_01.png,708_01.png,silver
Images/708_02.png,708_02.png,gold
Images/709_01.png,709_01.png,silver
Images/709_02.png,709_02.png,silver
Images/710_01.png,710_01.png,silver
Images/710_02.png,710_02.png,gold
Images/710_03.png,710_03.png,silver
Images/710_04.png,710_04.png,silver
Images/710_05.png,710_05.png,silver
Images/710_06.png,710_06.png,silver
Images/711_01.png,711_01.png,silver
Images/712_01.png,712_01.png,silver
Images/712_02.png,712_02.png,silver
Images/713_01.png,713_01.png,silver
Images/713_02.png,713_02.png,silver
Images/714_01.png,714_01.png,silver
Images/714_02.png,714_02.png,silver
Images/715_01.png,715_01.png,silver
Images/715_02.png,715_02.png,silver
Images/715_03.png,715_03.png,silver
Images/716_01.png,716_01.png,silver
Images/716_02.png,716_02.png,silver
Images/716_03.png,716_03.png,silver
Images/717_01.png,717_01.png,silver
Images/717_02.png,717_02.png,silver
Images/718_01.png,718_01.png,silver
Images/719_01.png,719_01.png,silver
Images/719_02.png,719_02.png,silver
Images/720_01.png,720_01.png,gold
Images/721_01.png,721_01.png,silver
Images/721_02.png,721_02.png,silver
Images/721_03.png,721_03.png,silver
Images/722_01.png,722_01.png,silver
Images/723_01.png,723_01.png,silver
Images/724_01.png,724_01.png,silver
Images/724_02.png,724_02.png,silver
Images/724_03.png,724_03.png,silver
Images/724_04.png,724_04.png,silver
Images/725_01.png,725_01.png,silver
Images/726_01.png,726_01.png,silver
Images/726_02.png,726_02.png,silver
Images/726_03.png,726_03.png,silver
Images/726_04.png,726_04.png,silver
Images/727_01.png,727_01.png,silver
Images/728_01.png,728_01.png,silver
Images/728_02.png,728_02.png,silver
Images/728_03.png,728_03.png,silver
Images/728_04.png,728_04.png,silver
Images/729_01.png,729_01.png,silver
Images/730_01.png,730_01.png,silver
Images/730_02.png,730_02.png,silver
Images/731_01.png,731_01.png,silver
Images/731_02.png,731_02.png,silver
Images/731_03.png,731_03.png,silver
Images/732_01.png,732_01.png,silver
Images/732_02.png,732_02.png,silver
Images/732_03.png,732_03.png,silver
Images/732_04.png,732_04.png,silver
Images/733_01.png,733_01.png,silver
Images/734_01.png,734_01.png,silver
Images/735_01.png,735_01.png,silver
Images/736_01.png,736_01.png,silver
Images/736_02.png,736_02.png,gold
Images/737_01.png,737_01.png,silver
Images/738_01.png,738_01.png,silver
Images/739_01.png,739_01.png,silver
Images/739_02.png,739_02.png,silver
Images/740_01.png,740_01.png,silver
Images/741_01.png,741_01.png,silver
Images/741_02.png,741_02.png,silver
Images/742_01.png,742_01.png,silver
Images/742_02.png,742_02.png,silver
Images/743_01.png,743_01.png,silver
Images/743_02.png,743_02.png,silver
Images/744_01.png,744_01.png,silver
Images/745_01.png,745_01.png,silver
Images/746_01.png,746_01.png,gold
Images/747_01.png,747_01.png,silver
Images/748_01.png,748_01.png,silver
Images/748_02.png,748_02.png,silver
Images/748_03.png,748_03.png,silver
Images/749_01.png,749_01.png,silver
Images/749_02.png,749_02.png,silver
Images/750_01.png,750_01.png,silver
Images/750_02.png,750_02.png,silver
Images/751_01.png,751_01.png,silver
Images/751_02.png,751_02.png,silver
Images/751_03.png,751_03.png,silver
Images/752_01.png,752_01.png,silver
Images/752_02.png,752_02.png,silver
Images/753_01.png,753_01.png,silver
Images/753_02.png,753_02.png,silver
Images/753_03.png,753_03.png,silver
Images/753_04.png,753_04.png,silver
Images/753_05.png,753_05.png,silver
Images/753_06.png,753_06.png,silver
Images/754_01.png,754_01.png,silver
Images/754_02.png,754_02.png,silver
Images/755_01.png,755_01.png,gold
Images/756_01.png,756_01.png,silver
Images/756_02.png,756_02.png,silver
Images/757_01.png,757_01.png,gold
Images/757_02.png,757_02.png,silver
Images/758_01.png,758_01.png,silver
Images/758_02.png,758_02.png,silver
Images/758_03.png,758_03.png,silver
Images/759_01.png,759_01.png,gold
Images/759_02.png,759_02.png,silver
Images/759_03.png,759_03.png,gold
Images/759_04.png,759_04.png,silver
Images/760_01.png,760_01.png,silver
Images/760_02.png,760_02.png,silver
Images/761_01.png,761_01.png,silver
Images/761_02.png,761_02.png,gold
Images/761_03.png,761_03.png,silver
Images/762_01.png,762_01.png,gold
Images/763_01.png,763_01.png,silver
Images/763_02.png,763_02.png,silver
Images/763_03.png,763_03.png,silver
Images/764_01.png,764_01.png,silver
Images/765_01.png,765_01.png,silver
Images/766_01.png,766_01.png,silver
Images/767_01.png,767_01.png,silver
Images/767_02.png,767_02.png,silver
Images/767_03.png,767_03.png,silver
Images/767_04.png,767_04.png,silver
Images/768_01.png,768_01.png,silver
Images/769_01.png,769_01.png,silver
Images/770_01.png,770_01.png,gold
Images/771_01.png,771_01.png,silver
Images/772_01.png,772_01.png,silver
Images/772_02.png,772_02.png,silver
Images/772_03.png,772_03.png,silver
Images/773_01.png,773_01.png,silver
Images/773_02.png,773_02.png,silver
Images/773_03.png,773_03.png,silver
Images/773_04.png,773_04.png,silver
Images/774_01.png,774_01.png,silver
Images/775_01.png,775_01.png,silver
Images/775_02.png,775_02.png,silver
Images/775_03.png,775_03.png,silver
Images/775_04.png,775_04.png,silver
Images/776_01.png,776_01.png,silver
Images/776_02.png,776_02.png,silver
Images/777_01.png,777_01.png,silver
Images/777_02.png,777_02.png,silver
Images/778_01.png,778_01.png,silver
Images/778_02.png,778_02.png,silver
Images/779_01.png,779_01.png,silver
Images/780_01.png,780_01.png,silver
Images/781_01.png,781_01.png,silver
Images/781_02.png,781_02.png,silver
Images/781_03.png,781_03.png,silver
Images/781_04.png,781_04.png,silver
Images/781_05.png,781_05.png,gold
Images/782_01.png,782_01.png,silver
Images/782_02.png,782_02.png,silver
Images/783_01.png,783_01.png,silver
Images/784_01.png,784_01.png,gold
Images/784_02.png,784_02.png,gold
Images/785_01.png,785_01.png,silver
Images/785_02.png,785_02.png,silver
Images/785_03.png,785_03.png,silver
Images/786_01.png,786_01.png,silver
Images/787_01.png,787_01.png,silver
Images/788_01.png,788_01.png,silver
Images/789_01.png,789_01.png,silver
Images/789_02.png,789_02.png,silver
Images/790_01.png,790_01.png,silver
Images/790_02.png,790_02.png,silver
Images/790_03.png,790_03.png,gold
Images/791_01.png,791_01.png,gold
Images/792_01.png,792_01.png,silver
Images/792_02.png,792_02.png,silver
Images/792_03.png,792_03.png,silver
Images/793_01.png,793_01.png,silver
Images/794_01.png,794_01.png,silver
Images/795_01.png,795_01.png,silver
Images/796_01.png,796_01.png,silver
Images/796_02.png,796_02.png,silver
Images/797_01.png,797_01.png,silver
Images/798_01.png,798_01.png,silver
Images/798_02.png,798_02.png,silver
Images/799_01.png,799_01.png,silver
Images/799_02.png,799_02.png,silver
Images/800_01.png,800_01.png,silver
Images/800_02.png,800_02.png,silver
Images/801_01.png,801_01.png,silver
Images/801_02.png,801_02.png,silver
Images/802_01.png,802_01.png,silver
Images/802_02.png,802_02.png,silver
Images/803_01.png,803_01.png,silver
Images/803_02.png,803_02.png,silver
Images/804_01.png,804_01.png,silver
Images/805_01.png,805_01.png,silver
Images/805_02.png,805_02.png,silver
Images/805_03.png,805_03.png,silver
Images/806_01.png,806_01.png,silver
Images/806_02.png,806_02.png,silver
Images/806_03.png,806_03.png,silver
Images/807_01.png,807_01.png,silver
Images/807_02.png,807_02.png,gold
Images/808_01.png,808_01.png,silver
Images/808_02.png,808_02.png,silver
Images/808_03.png,808_03.png,silver
Images/808_04.png,808_04.png,silver
Images/808_05.png,808_05.png,silver
Images/809_01.png,809_01.png,silver
Images/810_01.png,810_01.png,silver
Images/810_02.png,810_02.png,silver
Images/810_03.png,810_03.png,silver
Images/811_01.png,811_01.png,silver
Images/811_02.png,811_02.png,gold
Images/811_03.png,811_03.png,silver
Images/811_04.png,811_04.png,silver
Images/812_01.png,812_01.png,silver
Images/812_02.png,812_02.png,silver
Images/813_01.png,813_01.png,silver
Images/813_02.png,813_02.png,gold
Images/814_01.png,814_01.png,silver
Images/815_01.png,815_01.png,silver
Images/815_02.png,815_02.png,silver
Images/816_01.png,816_01.png,silver
Images/816_02.png,816_02.png,silver
Images/817_01.png,817_01.png,silver
Images/818_01.png,818_01.png,silver
Images/819_01.png,819_01.png,gold
Images/820_01.png,820_01.png,silver
Images/821_01.png,821_01.png,silver
Images/821_02.png,821_02.png,silver
Images/821_03.png,821_03.png,silver
Images/822_01.png,822_01.png,silver
Images/823_01.png,823_01.png,silver
Images/823_02.png,823_02.png,silver
Images/823_03.png,823_03.png,silver
Images/824_01.png,824_01.png,silver
Images/824_02.png,824_02.png,gold
Images/824_03.png,824_03.png,gold
Images/824_04.png,824_04.png,silver
Images/824_05.png,824_05.png,silver
Images/825_01.png,825_01.png,silver
Images/826_01.png,826_01.png,silver
Images/826_02.png,826_02.png,silver
Images/827_01.png,827_01.png,silver
Images/828_01.png,828_01.png,silver
Images/828_02.png,828_02.png,silver
Images/829_01.png,829_01.png,silver
Images/830_01.png,830_01.png,gold
Images/830_02.png,830_02.png,silver
Images/831_01.png,831_01.png,silver
Images/832_01.png,832_01.png,gold
Images/832_02.png,832_02.png,gold
Images/833_01.png,833_01.png,silver
Images/833_02.png,833_02.png,gold
Images/834_01.png,834_01.png,silver
Images/834_02.png,834_02.png,silver
Images/834_03.png,834_03.png,silver
Images/835_01.png,835_01.png,silver
Images/835_02.png,835_02.png,silver
Images/835_03.png,835_03.png,silver
Images/835_04.png,835_04.png,silver
Images/835_05.png,835_05.png,gold
Images/835_06.png,835_06.png,silver
Images/835_07.png,835_07.png,silver
Images/835_08.png,835_08.png,silver
Images/835_09.png,835_09.png,silver
Images/835_10.png,835_10.png,silver
Images/836_01.png,836_01.png,gold
Images/836_02.png,836_02.png,silver
Images/836_03.png,836_03.png,silver
Images/836_04.png,836_04.png,silver
Images/836_05.png,836_05.png,silver
Images/837_01.png,837_01.png,gold
Images/837_02.png,837_02.png,gold
Images/838_01.png,838_01.png,silver
Images/838_02.png,838_02.png,silver
Images/839_01.png,839_01.png,silver
Images/839_02.png,839_02.png,silver
Images/839_03.png,839_03.png,silver
Images/839_04.png,839_04.png,silver
Images/840_01.png,840_01.png,silver
Images/841_01.png,841_01.png,silver
Images/841_02.png,841_02.png,silver
Images/841_03.png,841_03.png,silver
Images/841_04.png,841_04.png,silver
Images/842_01.png,842_01.png,silver
Images/842_02.png,842_02.png,silver
Images/842_03.png,842_03.png,silver
Images/843_01.png,843_01.png,silver
Images/843_02.png,843_02.png,silver
Images/843_03.png,843_03.png,silver
Images/843_04.png,843_04.png,silver
Images/844_01.png,844_01.png,silver
Images/844_02.png,844_02.png,silver
Images/845_01.png,845_01.png,silver
Images/845_02.png,845_02.png,silver
Images/846_01.png,846_01.png,unlabeled
Images/846_02.png,846_02.png,silver
Images/846_03.png,846_03.png,silver
Images/846_04.png,846_04.png,silver
Images/847_01.png,847_01.png,silver
Images/847_02.png,847_02.png,silver
Images/848_01.png,848_01.png,silver
Images/848_02.png,848_02.png,silver
Images/848_03.png,848_03.png,silver
Images/849_01.png,849_01.png,silver
Images/849_02.png,849_02.png,silver
Images/850_01.png,850_01.png,silver
Images/850_02.png,850_02.png,silver
Images/851_01.png,851_01.png,silver
Images/851_02.png,851_02.png,silver
Images/852_01.png,852_01.png,silver
Images/853_01.png,853_01.png,silver
Images/853_02.png,853_02.png,silver
Images/853_03.png,853_03.png,silver
Images/854_01.png,854_01.png,silver
Images/854_02.png,854_02.png,silver
Images/855_01.png,855_01.png,silver
Images/855_02.png,855_02.png,silver
Images/856_01.png,856_01.png,silver
Images/856_02.png,856_02.png,silver
Images/856_03.png,856_03.png,silver
Images/856_04.png,856_04.png,silver
Images/857_01.png,857_01.png,silver
Images/857_02.png,857_02.png,silver
Images/858_01.png,858_01.png,silver
Images/858_02.png,858_02.png,silver
Images/858_03.png,858_03.png,silver
Images/858_04.png,858_04.png,silver
Images/858_05.png,858_05.png,silver
Images/858_06.png,858_06.png,silver
Images/858_07.png,858_07.png,silver
Images/858_08.png,858_08.png,silver
Images/858_09.png,858_09.png,silver
Images/858_10.png,858_10.png,silver
Images/859_01.png,859_01.png,silver
Images/859_02.png,859_02.png,silver
Images/860_01.png,860_01.png,silver
Images/860_02.png,860_02.png,silver
Images/861_01.png,861_01.png,silver
Images/861_02.png,861_02.png,silver
Images/861_03.png,861_03.png,silver
Images/861_04.png,861_04.png,silver
Images/861_05.png,861_05.png,silver
Images/861_06.png,861_06.png,silver
Images/861_07.png,861_07.png,silver
Images/861_08.png,861_08.png,silver
Images/861_09.png,861_09.png,silver
