analysis_tier,dataset,model,corruption_scope,severity,method,bin,lower,upper,count,confidence,accuracy,mean_ece_from_metrics,std_ece_from_metrics,n_replicates,source_condition_count
secondary/exploratory,hushem,resnet50,clean,0,raw_softmax,0,0.0,0.06666666666666667,0,,,0.13218638327358637,0.042488959005374076,5,5
secondary/exploratory,hushem,resnet50,clean,0,raw_softmax,1,0.06666666666666667,0.13333333333333333,0,,,0.13218638327358637,0.042488959005374076,5,5
secondary/exploratory,hushem,resnet50,clean,0,raw_softmax,2,0.13333333333333333,0.2,0,,,0.13218638327358637,0.042488959005374076,5,5
secondary/exploratory,hushem,resnet50,clean,0,raw_softmax,3,0.2,0.26666666666666666,0,,,0.13218638327358637,0.042488959005374076,5,5
secondary/exploratory,hushem,resnet50,clean,0,raw_softmax,4,0.26666666666666666,0.3333333333333333,0,,,0.13218638327358637,0.042488959005374076,5,5
secondary/exploratory,hushem,resnet50,clean,0,raw_softmax,5,0.3333333333333333,0.4,2,0.35924646258354187,0.5,0.13218638327358637,0.042488959005374076,5,5
secondary/exploratory,hushem,resnet50,clean,0,raw_softmax,6,0.4,0.4666666666666667,7,0.42655917150633677,0.5714285714285714,0.13218638327358637,0.042488959005374076,5,5
secondary/exploratory,hushem,resnet50,clean,0,raw_softmax,7,0.4666666666666667,0.5333333333333333,8,0.5044808387756348,1.0,0.13218638327358637,0.042488959005374076,5,5
secondary/exploratory,hushem,resnet50,clean,0,raw_softmax,8,0.5333333333333333,0.6,16,0.5695994310081005,0.4375,0.13218638327358637,0.042488959005374076,5,5
secondary/exploratory,hushem,resnet50,clean,0,raw_softmax,9,0.6,0.6666666666666666,8,0.6367251873016357,0.5,0.13218638327358637,0.042488959005374076,5,5
secondary/exploratory,hushem,resnet50,clean,0,raw_softmax,10,0.6666666666666666,0.7333333333333333,8,0.6992688477039337,0.75,0.13218638327358637,0.042488959005374076,5,5
secondary/exploratory,hushem,resnet50,clean,0,raw_softmax,11,0.7333333333333333,0.8,12,0.764601930975914,0.75,0.13218638327358637,0.042488959005374076,5,5
secondary/exploratory,hushem,resnet50,clean,0,raw_softmax,12,0.8,0.8666666666666667,12,0.8380838135878245,1.0,0.13218638327358637,0.042488959005374076,5,5
secondary/exploratory,hushem,resnet50,clean,0,raw_softmax,13,0.8666666666666667,0.9333333333333333,30,0.9000263690948487,0.9,0.13218638327358637,0.042488959005374076,5,5
secondary/exploratory,hushem,resnet50,clean,0,raw_softmax,14,0.9333333333333333,1.0,113,0.9743020661109316,0.9646017699115044,0.13218638327358637,0.042488959005374076,5,5
secondary/exploratory,hushem,resnet50,clean,0,temperature,0,0.0,0.06666666666666667,0,,,0.1535291393891953,0.04386259605338971,5,5
secondary/exploratory,hushem,resnet50,clean,0,temperature,1,0.06666666666666667,0.13333333333333333,0,,,0.1535291393891953,0.04386259605338971,5,5
secondary/exploratory,hushem,resnet50,clean,0,temperature,2,0.13333333333333333,0.2,0,,,0.1535291393891953,0.04386259605338971,5,5
secondary/exploratory,hushem,resnet50,clean,0,temperature,3,0.2,0.26666666666666666,0,,,0.1535291393891953,0.04386259605338971,5,5
secondary/exploratory,hushem,resnet50,clean,0,temperature,4,0.26666666666666666,0.3333333333333333,0,,,0.1535291393891953,0.04386259605338971,5,5
secondary/exploratory,hushem,resnet50,clean,0,temperature,5,0.3333333333333333,0.4,3,0.36001288890838623,0.3333333333333333,0.1535291393891953,0.04386259605338971,5,5
secondary/exploratory,hushem,resnet50,clean,0,temperature,6,0.4,0.4666666666666667,11,0.42520222338763153,0.8181818181818182,0.1535291393891953,0.04386259605338971,5,5
secondary/exploratory,hushem,resnet50,clean,0,temperature,7,0.4666666666666667,0.5333333333333333,10,0.49783610701560976,0.6,0.1535291393891953,0.04386259605338971,5,5
secondary/exploratory,hushem,resnet50,clean,0,temperature,8,0.5333333333333333,0.6,12,0.5715091476837794,0.5,0.1535291393891953,0.04386259605338971,5,5
secondary/exploratory,hushem,resnet50,clean,0,temperature,9,0.6,0.6666666666666666,7,0.6315492902483258,0.7142857142857143,0.1535291393891953,0.04386259605338971,5,5
secondary/exploratory,hushem,resnet50,clean,0,temperature,10,0.6666666666666666,0.7333333333333333,14,0.7007638173443931,0.7142857142857143,0.1535291393891953,0.04386259605338971,5,5
secondary/exploratory,hushem,resnet50,clean,0,temperature,11,0.7333333333333333,0.8,17,0.7723807096481323,0.8235294117647058,0.1535291393891953,0.04386259605338971,5,5
secondary/exploratory,hushem,resnet50,clean,0,temperature,12,0.8,0.8666666666666667,20,0.8314254432916641,0.95,0.1535291393891953,0.04386259605338971,5,5
secondary/exploratory,hushem,resnet50,clean,0,temperature,13,0.8666666666666667,0.9333333333333333,28,0.9038208446332386,0.9642857142857143,0.1535291393891953,0.04386259605338971,5,5
secondary/exploratory,hushem,resnet50,clean,0,temperature,14,0.9333333333333333,1.0,94,0.9774858127249048,0.9574468085106383,0.1535291393891953,0.04386259605338971,5,5
secondary/exploratory,hushem,resnet50,pooled_7_device_corruptions,3,raw_softmax,0,0.0,0.06666666666666667,0,,,0.15158142138107128,0.02080184997871997,5,35
secondary/exploratory,hushem,resnet50,pooled_7_device_corruptions,3,raw_softmax,1,0.06666666666666667,0.13333333333333333,0,,,0.15158142138107128,0.02080184997871997,5,35
secondary/exploratory,hushem,resnet50,pooled_7_device_corruptions,3,raw_softmax,2,0.13333333333333333,0.2,0,,,0.15158142138107128,0.02080184997871997,5,35
secondary/exploratory,hushem,resnet50,pooled_7_device_corruptions,3,raw_softmax,3,0.2,0.26666666666666666,0,,,0.15158142138107128,0.02080184997871997,5,35
secondary/exploratory,hushem,resnet50,pooled_7_device_corruptions,3,raw_softmax,4,0.26666666666666666,0.3333333333333333,10,0.31386384665966033,0.4,0.15158142138107128,0.02080184997871997,5,35
secondary/exploratory,hushem,resnet50,pooled_7_device_corruptions,3,raw_softmax,5,0.3333333333333333,0.4,42,0.3740991602341334,0.5476190476190477,0.15158142138107128,0.02080184997871997,5,35
secondary/exploratory,hushem,resnet50,pooled_7_device_corruptions,3,raw_softmax,6,0.4,0.4666666666666667,90,0.434919806321462,0.4888888888888889,0.15158142138107128,0.02080184997871997,5,35
secondary/exploratory,hushem,resnet50,pooled_7_device_corruptions,3,raw_softmax,7,0.4666666666666667,0.5333333333333333,124,0.49802336673582753,0.5161290322580645,0.15158142138107128,0.02080184997871997,5,35
secondary/exploratory,hushem,resnet50,pooled_7_device_corruptions,3,raw_softmax,8,0.5333333333333333,0.6,120,0.5675762578845024,0.6416666666666667,0.15158142138107128,0.02080184997871997,5,35
secondary/exploratory,hushem,resnet50,pooled_7_device_corruptions,3,raw_softmax,9,0.6,0.6666666666666666,111,0.6343644443932954,0.6936936936936937,0.15158142138107128,0.02080184997871997,5,35
secondary/exploratory,hushem,resnet50,pooled_7_device_corruptions,3,raw_softmax,10,0.6666666666666666,0.7333333333333333,131,0.7013423188042095,0.7251908396946565,0.15158142138107128,0.02080184997871997,5,35
secondary/exploratory,hushem,resnet50,pooled_7_device_corruptions,3,raw_softmax,11,0.7333333333333333,0.8,133,0.7685727320219341,0.7819548872180451,0.15158142138107128,0.02080184997871997,5,35
secondary/exploratory,hushem,resnet50,pooled_7_device_corruptions,3,raw_softmax,12,0.8,0.8666666666666667,151,0.8352629277879828,0.8410596026490066,0.15158142138107128,0.02080184997871997,5,35
secondary/exploratory,hushem,resnet50,pooled_7_device_corruptions,3,raw_softmax,13,0.8666666666666667,0.9333333333333333,243,0.9008197286492022,0.9053497942386831,0.15158142138107128,0.02080184997871997,5,35
secondary/exploratory,hushem,resnet50,pooled_7_device_corruptions,3,raw_softmax,14,0.9333333333333333,1.0,357,0.9687245701875339,0.9635854341736695,0.15158142138107128,0.02080184997871997,5,35
secondary/exploratory,hushem,resnet50,pooled_7_device_corruptions,3,temperature,0,0.0,0.06666666666666667,0,,,0.16914201316625388,0.02733289238781481,5,35
secondary/exploratory,hushem,resnet50,pooled_7_device_corruptions,3,temperature,1,0.06666666666666667,0.13333333333333333,0,,,0.16914201316625388,0.02733289238781481,5,35
secondary/exploratory,hushem,resnet50,pooled_7_device_corruptions,3,temperature,2,0.13333333333333333,0.2,0,,,0.16914201316625388,0.02733289238781481,5,35
secondary/exploratory,hushem,resnet50,pooled_7_device_corruptions,3,temperature,3,0.2,0.26666666666666666,0,,,0.16914201316625388,0.02733289238781481,5,35
secondary/exploratory,hushem,resnet50,pooled_7_device_corruptions,3,temperature,4,0.26666666666666666,0.3333333333333333,11,0.31241809779947455,0.5454545454545454,0.16914201316625388,0.02733289238781481,5,35
secondary/exploratory,hushem,resnet50,pooled_7_device_corruptions,3,temperature,5,0.3333333333333333,0.4,69,0.3721116992874422,0.5362318840579711,0.16914201316625388,0.02733289238781481,5,35
secondary/exploratory,hushem,resnet50,pooled_7_device_corruptions,3,temperature,6,0.4,0.4666666666666667,117,0.4374278750684526,0.5213675213675214,0.16914201316625388,0.02733289238781481,5,35
secondary/exploratory,hushem,resnet50,pooled_7_device_corruptions,3,temperature,7,0.4666666666666667,0.5333333333333333,118,0.5001119175704859,0.6101694915254238,0.16914201316625388,0.02733289238781481,5,35
secondary/exploratory,hushem,resnet50,pooled_7_device_corruptions,3,temperature,8,0.5333333333333333,0.6,144,0.564725628743569,0.6319444444444444,0.16914201316625388,0.02733289238781481,5,35
secondary/exploratory,hushem,resnet50,pooled_7_device_corruptions,3,temperature,9,0.6,0.6666666666666666,118,0.6349078108698635,0.7796610169491526,0.16914201316625388,0.02733289238781481,5,35
secondary/exploratory,hushem,resnet50,pooled_7_device_corruptions,3,temperature,10,0.6666666666666666,0.7333333333333333,134,0.7008412876235905,0.8208955223880597,0.16914201316625388,0.02733289238781481,5,35
secondary/exploratory,hushem,resnet50,pooled_7_device_corruptions,3,temperature,11,0.7333333333333333,0.8,148,0.7660612572689314,0.8040540540540541,0.16914201316625388,0.02733289238781481,5,35
secondary/exploratory,hushem,resnet50,pooled_7_device_corruptions,3,temperature,12,0.8,0.8666666666666667,156,0.8322982879785391,0.8397435897435898,0.16914201316625388,0.02733289238781481,5,35
secondary/exploratory,hushem,resnet50,pooled_7_device_corruptions,3,temperature,13,0.8666666666666667,0.9333333333333333,166,0.8995536052318941,0.8795180722891566,0.16914201316625388,0.02733289238781481,5,35
secondary/exploratory,hushem,resnet50,pooled_7_device_corruptions,3,temperature,14,0.9333333333333333,1.0,331,0.9741494230633416,0.9486404833836858,0.16914201316625388,0.02733289238781481,5,35
secondary/exploratory,hushem,resnet50,pooled_7_device_corruptions,5,raw_softmax,0,0.0,0.06666666666666667,0,,,0.18362230621042006,0.018593069157829496,5,35
secondary/exploratory,hushem,resnet50,pooled_7_device_corruptions,5,raw_softmax,1,0.06666666666666667,0.13333333333333333,0,,,0.18362230621042006,0.018593069157829496,5,35
secondary/exploratory,hushem,resnet50,pooled_7_device_corruptions,5,raw_softmax,2,0.13333333333333333,0.2,0,,,0.18362230621042006,0.018593069157829496,5,35
secondary/exploratory,hushem,resnet50,pooled_7_device_corruptions,5,raw_softmax,3,0.2,0.26666666666666666,0,,,0.18362230621042006,0.018593069157829496,5,35
secondary/exploratory,hushem,resnet50,pooled_7_device_corruptions,5,raw_softmax,4,0.26666666666666666,0.3333333333333333,66,0.31349806984265643,0.19696969696969696,0.18362230621042006,0.018593069157829496,5,35
secondary/exploratory,hushem,resnet50,pooled_7_device_corruptions,5,raw_softmax,5,0.3333333333333333,0.4,188,0.36773407601929725,0.43617021276595747,0.18362230621042006,0.018593069157829496,5,35
secondary/exploratory,hushem,resnet50,pooled_7_device_corruptions,5,raw_softmax,6,0.4,0.4666666666666667,237,0.4327706151370761,0.46835443037974683,0.18362230621042006,0.018593069157829496,5,35
secondary/exploratory,hushem,resnet50,pooled_7_device_corruptions,5,raw_softmax,7,0.4666666666666667,0.5333333333333333,207,0.49857046566723623,0.5169082125603864,0.18362230621042006,0.018593069157829496,5,35
secondary/exploratory,hushem,resnet50,pooled_7_device_corruptions,5,raw_softmax,8,0.5333333333333333,0.6,177,0.5630973732404116,0.519774011299435,0.18362230621042006,0.018593069157829496,5,35
secondary/exploratory,hushem,resnet50,pooled_7_device_corruptions,5,raw_softmax,9,0.6,0.6666666666666666,126,0.6346604630114541,0.626984126984127,0.18362230621042006,0.018593069157829496,5,35
secondary/exploratory,hushem,resnet50,pooled_7_device_corruptions,5,raw_softmax,10,0.6666666666666666,0.7333333333333333,121,0.6974977974064094,0.6611570247933884,0.18362230621042006,0.018593069157829496,5,35
secondary/exploratory,hushem,resnet50,pooled_7_device_corruptions,5,raw_softmax,11,0.7333333333333333,0.8,129,0.7626587272614471,0.6744186046511628,0.18362230621042006,0.018593069157829496,5,35
secondary/exploratory,hushem,resnet50,pooled_7_device_corruptions,5,raw_softmax,12,0.8,0.8666666666666667,104,0.830488407267974,0.7980769230769231,0.18362230621042006,0.018593069157829496,5,35
secondary/exploratory,hushem,resnet50,pooled_7_device_corruptions,5,raw_softmax,13,0.8666666666666667,0.9333333333333333,85,0.8984637036043055,0.9058823529411765,0.18362230621042006,0.018593069157829496,5,35
secondary/exploratory,hushem,resnet50,pooled_7_device_corruptions,5,raw_softmax,14,0.9333333333333333,1.0,72,0.9571367791957326,0.9305555555555556,0.18362230621042006,0.018593069157829496,5,35
secondary/exploratory,hushem,resnet50,pooled_7_device_corruptions,5,temperature,0,0.0,0.06666666666666667,0,,,0.19791169490106006,0.030481765252191175,5,35
secondary/exploratory,hushem,resnet50,pooled_7_device_corruptions,5,temperature,1,0.06666666666666667,0.13333333333333333,0,,,0.19791169490106006,0.030481765252191175,5,35
secondary/exploratory,hushem,resnet50,pooled_7_device_corruptions,5,temperature,2,0.13333333333333333,0.2,0,,,0.19791169490106006,0.030481765252191175,5,35
secondary/exploratory,hushem,resnet50,pooled_7_device_corruptions,5,temperature,3,0.2,0.26666666666666666,1,0.2647666037082672,0.0,0.19791169490106006,0.030481765252191175,5,35
secondary/exploratory,hushem,resnet50,pooled_7_device_corruptions,5,temperature,4,0.26666666666666666,0.3333333333333333,92,0.3117572891971339,0.29347826086956524,0.19791169490106006,0.030481765252191175,5,35
secondary/exploratory,hushem,resnet50,pooled_7_device_corruptions,5,temperature,5,0.3333333333333333,0.4,217,0.3688543415563996,0.4377880184331797,0.19791169490106006,0.030481765252191175,5,35
secondary/exploratory,hushem,resnet50,pooled_7_device_corruptions,5,temperature,6,0.4,0.4666666666666667,256,0.431562555488199,0.47265625,0.19791169490106006,0.030481765252191175,5,35
secondary/exploratory,hushem,resnet50,pooled_7_device_corruptions,5,temperature,7,0.4666666666666667,0.5333333333333333,220,0.500020070374012,0.5590909090909091,0.19791169490106006,0.030481765252191175,5,35
secondary/exploratory,hushem,resnet50,pooled_7_device_corruptions,5,temperature,8,0.5333333333333333,0.6,139,0.5615718596273189,0.5683453237410072,0.19791169490106006,0.030481765252191175,5,35
secondary/exploratory,hushem,resnet50,pooled_7_device_corruptions,5,temperature,9,0.6,0.6666666666666666,130,0.6325228879084954,0.6923076923076923,0.19791169490106006,0.030481765252191175,5,35
secondary/exploratory,hushem,resnet50,pooled_7_device_corruptions,5,temperature,10,0.6666666666666666,0.7333333333333333,116,0.6996869825083634,0.646551724137931,0.19791169490106006,0.030481765252191175,5,35
secondary/exploratory,hushem,resnet50,pooled_7_device_corruptions,5,temperature,11,0.7333333333333333,0.8,101,0.7665990054017247,0.7227722772277227,0.19791169490106006,0.030481765252191175,5,35
secondary/exploratory,hushem,resnet50,pooled_7_device_corruptions,5,temperature,12,0.8,0.8666666666666667,75,0.8316735013326009,0.7333333333333333,0.19791169490106006,0.030481765252191175,5,35
secondary/exploratory,hushem,resnet50,pooled_7_device_corruptions,5,temperature,13,0.8666666666666667,0.9333333333333333,96,0.9009369785586993,0.8125,0.19791169490106006,0.030481765252191175,5,35
secondary/exploratory,hushem,resnet50,pooled_7_device_corruptions,5,temperature,14,0.9333333333333333,1.0,69,0.9666000811950021,0.8985507246376812,0.19791169490106006,0.030481765252191175,5,35
secondary/exploratory,smids,mobilenet_v3_large,clean,0,raw_softmax,0,0.0,0.06666666666666667,0,,,0.03958280318313167,0.0059184862295023335,3,3
secondary/exploratory,smids,mobilenet_v3_large,clean,0,raw_softmax,1,0.06666666666666667,0.13333333333333333,0,,,0.03958280318313167,0.0059184862295023335,3,3
secondary/exploratory,smids,mobilenet_v3_large,clean,0,raw_softmax,2,0.13333333333333333,0.2,0,,,0.03958280318313167,0.0059184862295023335,3,3
secondary/exploratory,smids,mobilenet_v3_large,clean,0,raw_softmax,3,0.2,0.26666666666666666,0,,,0.03958280318313167,0.0059184862295023335,3,3
secondary/exploratory,smids,mobilenet_v3_large,clean,0,raw_softmax,4,0.26666666666666666,0.3333333333333333,0,,,0.03958280318313167,0.0059184862295023335,3,3
secondary/exploratory,smids,mobilenet_v3_large,clean,0,raw_softmax,5,0.3333333333333333,0.4,1,0.37986716628074646,0.0,0.03958280318313167,0.0059184862295023335,3,3
secondary/exploratory,smids,mobilenet_v3_large,clean,0,raw_softmax,6,0.4,0.4666666666666667,5,0.4502087473869324,0.4,0.03958280318313167,0.0059184862295023335,3,3
secondary/exploratory,smids,mobilenet_v3_large,clean,0,raw_softmax,7,0.4666666666666667,0.5333333333333333,16,0.517004182562232,0.5625,0.03958280318313167,0.0059184862295023335,3,3
secondary/exploratory,smids,mobilenet_v3_large,clean,0,raw_softmax,8,0.5333333333333333,0.6,24,0.5609503015875816,0.5416666666666666,0.03958280318313167,0.0059184862295023335,3,3
secondary/exploratory,smids,mobilenet_v3_large,clean,0,raw_softmax,9,0.6,0.6666666666666666,30,0.6340215504169464,0.6333333333333333,0.03958280318313167,0.0059184862295023335,3,3
secondary/exploratory,smids,mobilenet_v3_large,clean,0,raw_softmax,10,0.6666666666666666,0.7333333333333333,32,0.7056423239409924,0.625,0.03958280318313167,0.0059184862295023335,3,3
secondary/exploratory,smids,mobilenet_v3_large,clean,0,raw_softmax,11,0.7333333333333333,0.8,33,0.7706623095454592,0.7878787878787878,0.03958280318313167,0.0059184862295023335,3,3
secondary/exploratory,smids,mobilenet_v3_large,clean,0,raw_softmax,12,0.8,0.8666666666666667,44,0.8358832150697708,0.7727272727272727,0.03958280318313167,0.0059184862295023335,3,3
secondary/exploratory,smids,mobilenet_v3_large,clean,0,raw_softmax,13,0.8666666666666667,0.9333333333333333,97,0.9041289214006404,0.865979381443299,0.03958280318313167,0.0059184862295023335,3,3
secondary/exploratory,smids,mobilenet_v3_large,clean,0,raw_softmax,14,0.9333333333333333,1.0,618,0.9861022141373273,0.959546925566343,0.03958280318313167,0.0059184862295023335,3,3
secondary/exploratory,smids,mobilenet_v3_large,clean,0,temperature,0,0.0,0.06666666666666667,0,,,0.03473072419563923,0.006884672225307666,3,3
secondary/exploratory,smids,mobilenet_v3_large,clean,0,temperature,1,0.06666666666666667,0.13333333333333333,0,,,0.03473072419563923,0.006884672225307666,3,3
secondary/exploratory,smids,mobilenet_v3_large,clean,0,temperature,2,0.13333333333333333,0.2,0,,,0.03473072419563923,0.006884672225307666,3,3
secondary/exploratory,smids,mobilenet_v3_large,clean,0,temperature,3,0.2,0.26666666666666666,0,,,0.03473072419563923,0.006884672225307666,3,3
secondary/exploratory,smids,mobilenet_v3_large,clean,0,temperature,4,0.26666666666666666,0.3333333333333333,0,,,0.03473072419563923,0.006884672225307666,3,3
secondary/exploratory,smids,mobilenet_v3_large,clean,0,temperature,5,0.3333333333333333,0.4,1,0.37788087129592896,0.0,0.03473072419563923,0.006884672225307666,3,3
secondary/exploratory,smids,mobilenet_v3_large,clean,0,temperature,6,0.4,0.4666666666666667,5,0.43639902472496034,0.4,0.03473072419563923,0.006884672225307666,3,3
secondary/exploratory,smids,mobilenet_v3_large,clean,0,temperature,7,0.4666666666666667,0.5333333333333333,20,0.5122419506311416,0.55,0.03473072419563923,0.006884672225307666,3,3
secondary/exploratory,smids,mobilenet_v3_large,clean,0,temperature,8,0.5333333333333333,0.6,26,0.561856033710333,0.6153846153846154,0.03473072419563923,0.006884672225307666,3,3
secondary/exploratory,smids,mobilenet_v3_large,clean,0,temperature,9,0.6,0.6666666666666666,32,0.630730401724577,0.625,0.03473072419563923,0.006884672225307666,3,3
secondary/exploratory,smids,mobilenet_v3_large,clean,0,temperature,10,0.6666666666666666,0.7333333333333333,36,0.7018699281745486,0.6666666666666666,0.03473072419563923,0.006884672225307666,3,3
secondary/exploratory,smids,mobilenet_v3_large,clean,0,temperature,11,0.7333333333333333,0.8,35,0.7701252681868417,0.7714285714285715,0.03473072419563923,0.006884672225307666,3,3
secondary/exploratory,smids,mobilenet_v3_large,clean,0,temperature,12,0.8,0.8666666666666667,55,0.8355554938316345,0.7636363636363637,0.03473072419563923,0.006884672225307666,3,3
secondary/exploratory,smids,mobilenet_v3_large,clean,0,temperature,13,0.8666666666666667,0.9333333333333333,108,0.9018380205940317,0.9074074074074074,0.03473072419563923,0.006884672225307666,3,3
secondary/exploratory,smids,mobilenet_v3_large,clean,0,temperature,14,0.9333333333333333,1.0,582,0.9833926502167154,0.9621993127147767,0.03473072419563923,0.006884672225307666,3,3
secondary/exploratory,smids,mobilenet_v3_large,pooled_7_device_corruptions,3,raw_softmax,0,0.0,0.06666666666666667,0,,,0.21387859744685034,0.06499868421705225,3,21
secondary/exploratory,smids,mobilenet_v3_large,pooled_7_device_corruptions,3,raw_softmax,1,0.06666666666666667,0.13333333333333333,0,,,0.21387859744685034,0.06499868421705225,3,21
secondary/exploratory,smids,mobilenet_v3_large,pooled_7_device_corruptions,3,raw_softmax,2,0.13333333333333333,0.2,0,,,0.21387859744685034,0.06499868421705225,3,21
secondary/exploratory,smids,mobilenet_v3_large,pooled_7_device_corruptions,3,raw_softmax,3,0.2,0.26666666666666666,0,,,0.21387859744685034,0.06499868421705225,3,21
secondary/exploratory,smids,mobilenet_v3_large,pooled_7_device_corruptions,3,raw_softmax,4,0.26666666666666666,0.3333333333333333,0,,,0.21387859744685034,0.06499868421705225,3,21
secondary/exploratory,smids,mobilenet_v3_large,pooled_7_device_corruptions,3,raw_softmax,5,0.3333333333333333,0.4,21,0.3747736882595789,0.38095238095238093,0.21387859744685034,0.06499868421705225,3,21
secondary/exploratory,smids,mobilenet_v3_large,pooled_7_device_corruptions,3,raw_softmax,6,0.4,0.4666666666666667,65,0.44151149162879355,0.3230769230769231,0.21387859744685034,0.06499868421705225,3,21
secondary/exploratory,smids,mobilenet_v3_large,pooled_7_device_corruptions,3,raw_softmax,7,0.4666666666666667,0.5333333333333333,214,0.5043989315489742,0.46261682242990654,0.21387859744685034,0.06499868421705225,3,21
secondary/exploratory,smids,mobilenet_v3_large,pooled_7_device_corruptions,3,raw_softmax,8,0.5333333333333333,0.6,288,0.5642720717522833,0.4930555555555556,0.21387859744685034,0.06499868421705225,3,21
secondary/exploratory,smids,mobilenet_v3_large,pooled_7_device_corruptions,3,raw_softmax,9,0.6,0.6666666666666666,272,0.6350550684420502,0.5257352941176471,0.21387859744685034,0.06499868421705225,3,21
secondary/exploratory,smids,mobilenet_v3_large,pooled_7_device_corruptions,3,raw_softmax,10,0.6666666666666666,0.7333333333333333,319,0.7007581537420099,0.5862068965517241,0.21387859744685034,0.06499868421705225,3,21
secondary/exploratory,smids,mobilenet_v3_large,pooled_7_device_corruptions,3,raw_softmax,11,0.7333333333333333,0.8,361,0.7672916908343412,0.628808864265928,0.21387859744685034,0.06499868421705225,3,21
secondary/exploratory,smids,mobilenet_v3_large,pooled_7_device_corruptions,3,raw_softmax,12,0.8,0.8666666666666667,467,0.8349954562473093,0.6702355460385439,0.21387859744685034,0.06499868421705225,3,21
secondary/exploratory,smids,mobilenet_v3_large,pooled_7_device_corruptions,3,raw_softmax,13,0.8666666666666667,0.9333333333333333,691,0.9026559890610437,0.6570188133140377,0.21387859744685034,0.06499868421705225,3,21
secondary/exploratory,smids,mobilenet_v3_large,pooled_7_device_corruptions,3,raw_softmax,14,0.9333333333333333,1.0,3602,0.9825269111257867,0.7462520821765686,0.21387859744685034,0.06499868421705225,3,21
secondary/exploratory,smids,mobilenet_v3_large,pooled_7_device_corruptions,3,temperature,0,0.0,0.06666666666666667,0,,,0.20678684475876033,0.06589839761691337,3,21
secondary/exploratory,smids,mobilenet_v3_large,pooled_7_device_corruptions,3,temperature,1,0.06666666666666667,0.13333333333333333,0,,,0.20678684475876033,0.06589839761691337,3,21
secondary/exploratory,smids,mobilenet_v3_large,pooled_7_device_corruptions,3,temperature,2,0.13333333333333333,0.2,0,,,0.20678684475876033,0.06589839761691337,3,21
secondary/exploratory,smids,mobilenet_v3_large,pooled_7_device_corruptions,3,temperature,3,0.2,0.26666666666666666,0,,,0.20678684475876033,0.06589839761691337,3,21
secondary/exploratory,smids,mobilenet_v3_large,pooled_7_device_corruptions,3,temperature,4,0.26666666666666666,0.3333333333333333,0,,,0.20678684475876033,0.06589839761691337,3,21
secondary/exploratory,smids,mobilenet_v3_large,pooled_7_device_corruptions,3,temperature,5,0.3333333333333333,0.4,23,0.37296590209007263,0.391304347826087,0.20678684475876033,0.06589839761691337,3,21
secondary/exploratory,smids,mobilenet_v3_large,pooled_7_device_corruptions,3,temperature,6,0.4,0.4666666666666667,86,0.4401532321475273,0.36046511627906974,0.20678684475876033,0.06589839761691337,3,21
secondary/exploratory,smids,mobilenet_v3_large,pooled_7_device_corruptions,3,temperature,7,0.4666666666666667,0.5333333333333333,265,0.5052938012581951,0.4830188679245283,0.20678684475876033,0.06589839761691337,3,21
secondary/exploratory,smids,mobilenet_v3_large,pooled_7_device_corruptions,3,temperature,8,0.5333333333333333,0.6,287,0.5655692554101711,0.4912891986062718,0.20678684475876033,0.06589839761691337,3,21
secondary/exploratory,smids,mobilenet_v3_large,pooled_7_device_corruptions,3,temperature,9,0.6,0.6666666666666666,319,0.6345719444714369,0.5109717868338558,0.20678684475876033,0.06589839761691337,3,21
secondary/exploratory,smids,mobilenet_v3_large,pooled_7_device_corruptions,3,temperature,10,0.6666666666666666,0.7333333333333333,353,0.7009080103031299,0.6147308781869688,0.20678684475876033,0.06589839761691337,3,21
secondary/exploratory,smids,mobilenet_v3_large,pooled_7_device_corruptions,3,temperature,11,0.7333333333333333,0.8,402,0.7663256665367392,0.6517412935323383,0.20678684475876033,0.06589839761691337,3,21
secondary/exploratory,smids,mobilenet_v3_large,pooled_7_device_corruptions,3,temperature,12,0.8,0.8666666666666667,528,0.8350569735648055,0.6704545454545454,0.20678684475876033,0.06589839761691337,3,21
secondary/exploratory,smids,mobilenet_v3_large,pooled_7_device_corruptions,3,temperature,13,0.8666666666666667,0.9333333333333333,760,0.9038153048408659,0.6960526315789474,0.20678684475876033,0.06589839761691337,3,21
secondary/exploratory,smids,mobilenet_v3_large,pooled_7_device_corruptions,3,temperature,14,0.9333333333333333,1.0,3277,0.9805032061410088,0.7470247177296307,0.20678684475876033,0.06589839761691337,3,21
secondary/exploratory,smids,mobilenet_v3_large,pooled_7_device_corruptions,5,raw_softmax,0,0.0,0.06666666666666667,0,,,0.39728688837516873,0.1367639024188256,3,21
secondary/exploratory,smids,mobilenet_v3_large,pooled_7_device_corruptions,5,raw_softmax,1,0.06666666666666667,0.13333333333333333,0,,,0.39728688837516873,0.1367639024188256,3,21
secondary/exploratory,smids,mobilenet_v3_large,pooled_7_device_corruptions,5,raw_softmax,2,0.13333333333333333,0.2,0,,,0.39728688837516873,0.1367639024188256,3,21
secondary/exploratory,smids,mobilenet_v3_large,pooled_7_device_corruptions,5,raw_softmax,3,0.2,0.26666666666666666,0,,,0.39728688837516873,0.1367639024188256,3,21
secondary/exploratory,smids,mobilenet_v3_large,pooled_7_device_corruptions,5,raw_softmax,4,0.26666666666666666,0.3333333333333333,0,,,0.39728688837516873,0.1367639024188256,3,21
secondary/exploratory,smids,mobilenet_v3_large,pooled_7_device_corruptions,5,raw_softmax,5,0.3333333333333333,0.4,24,0.37785181775689125,0.375,0.39728688837516873,0.1367639024188256,3,21
secondary/exploratory,smids,mobilenet_v3_large,pooled_7_device_corruptions,5,raw_softmax,6,0.4,0.4666666666666667,93,0.4408102548250588,0.3978494623655914,0.39728688837516873,0.1367639024188256,3,21
secondary/exploratory,smids,mobilenet_v3_large,pooled_7_device_corruptions,5,raw_softmax,7,0.4666666666666667,0.5333333333333333,208,0.5051533760359654,0.40384615384615385,0.39728688837516873,0.1367639024188256,3,21
secondary/exploratory,smids,mobilenet_v3_large,pooled_7_device_corruptions,5,raw_softmax,8,0.5333333333333333,0.6,244,0.5683583077348646,0.4098360655737705,0.39728688837516873,0.1367639024188256,3,21
secondary/exploratory,smids,mobilenet_v3_large,pooled_7_device_corruptions,5,raw_softmax,9,0.6,0.6666666666666666,250,0.6338745832443238,0.456,0.39728688837516873,0.1367639024188256,3,21
secondary/exploratory,smids,mobilenet_v3_large,pooled_7_device_corruptions,5,raw_softmax,10,0.6666666666666666,0.7333333333333333,256,0.7014257058035582,0.43359375,0.39728688837516873,0.1367639024188256,3,21
secondary/exploratory,smids,mobilenet_v3_large,pooled_7_device_corruptions,5,raw_softmax,11,0.7333333333333333,0.8,297,0.7668467958768209,0.44107744107744107,0.39728688837516873,0.1367639024188256,3,21
secondary/exploratory,smids,mobilenet_v3_large,pooled_7_device_corruptions,5,raw_softmax,12,0.8,0.8666666666666667,644,0.838588988188631,0.39596273291925466,0.39728688837516873,0.1367639024188256,3,21
secondary/exploratory,smids,mobilenet_v3_large,pooled_7_device_corruptions,5,raw_softmax,13,0.8666666666666667,0.9333333333333333,841,0.8994213874926891,0.43162901307966706,0.39728688837516873,0.1367639024188256,3,21
secondary/exploratory,smids,mobilenet_v3_large,pooled_7_device_corruptions,5,raw_softmax,14,0.9333333333333333,1.0,3443,0.9846499869375426,0.547197211733953,0.39728688837516873,0.1367639024188256,3,21
secondary/exploratory,smids,mobilenet_v3_large,pooled_7_device_corruptions,5,temperature,0,0.0,0.06666666666666667,0,,,0.3842317841213847,0.14788322916734922,3,21
secondary/exploratory,smids,mobilenet_v3_large,pooled_7_device_corruptions,5,temperature,1,0.06666666666666667,0.13333333333333333,0,,,0.3842317841213847,0.14788322916734922,3,21
secondary/exploratory,smids,mobilenet_v3_large,pooled_7_device_corruptions,5,temperature,2,0.13333333333333333,0.2,0,,,0.3842317841213847,0.14788322916734922,3,21
secondary/exploratory,smids,mobilenet_v3_large,pooled_7_device_corruptions,5,temperature,3,0.2,0.26666666666666666,0,,,0.3842317841213847,0.14788322916734922,3,21
secondary/exploratory,smids,mobilenet_v3_large,pooled_7_device_corruptions,5,temperature,4,0.26666666666666666,0.3333333333333333,0,,,0.3842317841213847,0.14788322916734922,3,21
secondary/exploratory,smids,mobilenet_v3_large,pooled_7_device_corruptions,5,temperature,5,0.3333333333333333,0.4,28,0.3757264199001448,0.35714285714285715,0.3842317841213847,0.14788322916734922,3,21
secondary/exploratory,smids,mobilenet_v3_large,pooled_7_device_corruptions,5,temperature,6,0.4,0.4666666666666667,112,0.4370482287236622,0.39285714285714285,0.3842317841213847,0.14788322916734922,3,21
secondary/exploratory,smids,mobilenet_v3_large,pooled_7_device_corruptions,5,temperature,7,0.4666666666666667,0.5333333333333333,244,0.5037025462408535,0.4139344262295082,0.3842317841213847,0.14788322916734922,3,21
secondary/exploratory,smids,mobilenet_v3_large,pooled_7_device_corruptions,5,temperature,8,0.5333333333333333,0.6,268,0.5672824792007902,0.44776119402985076,0.3842317841213847,0.14788322916734922,3,21
secondary/exploratory,smids,mobilenet_v3_large,pooled_7_device_corruptions,5,temperature,9,0.6,0.6666666666666666,275,0.6327440103617581,0.4218181818181818,0.3842317841213847,0.14788322916734922,3,21
secondary/exploratory,smids,mobilenet_v3_large,pooled_7_device_corruptions,5,temperature,10,0.6666666666666666,0.7333333333333333,286,0.7011120440243007,0.46153846153846156,0.3842317841213847,0.14788322916734922,3,21
secondary/exploratory,smids,mobilenet_v3_large,pooled_7_device_corruptions,5,temperature,11,0.7333333333333333,0.8,485,0.7714269747439119,0.44536082474226807,0.3842317841213847,0.14788322916734922,3,21
secondary/exploratory,smids,mobilenet_v3_large,pooled_7_device_corruptions,5,temperature,12,0.8,0.8666666666666667,738,0.8315579140897043,0.37398373983739835,0.3842317841213847,0.14788322916734922,3,21
secondary/exploratory,smids,mobilenet_v3_large,pooled_7_device_corruptions,5,temperature,13,0.8666666666666667,0.9333333333333333,697,0.9033623363400464,0.503586800573888,0.3842317841213847,0.14788322916734922,3,21
secondary/exploratory,smids,mobilenet_v3_large,pooled_7_device_corruptions,5,temperature,14,0.9333333333333333,1.0,3167,0.9837980587135402,0.5437322387117146,0.3842317841213847,0.14788322916734922,3,21
secondary/exploratory,smids,resnet50,clean,0,raw_softmax,0,0.0,0.06666666666666667,0,,,0.0468318364024162,0.010724334451363692,5,5
secondary/exploratory,smids,resnet50,clean,0,raw_softmax,1,0.06666666666666667,0.13333333333333333,0,,,0.0468318364024162,0.010724334451363692,5,5
secondary/exploratory,smids,resnet50,clean,0,raw_softmax,2,0.13333333333333333,0.2,0,,,0.0468318364024162,0.010724334451363692,5,5
secondary/exploratory,smids,resnet50,clean,0,raw_softmax,3,0.2,0.26666666666666666,0,,,0.0468318364024162,0.010724334451363692,5,5
secondary/exploratory,smids,resnet50,clean,0,raw_softmax,4,0.26666666666666666,0.3333333333333333,0,,,0.0468318364024162,0.010724334451363692,5,5
secondary/exploratory,smids,resnet50,clean,0,raw_softmax,5,0.3333333333333333,0.4,1,0.37574902176856995,0.0,0.0468318364024162,0.010724334451363692,5,5
secondary/exploratory,smids,resnet50,clean,0,raw_softmax,6,0.4,0.4666666666666667,2,0.41407574713230133,1.0,0.0468318364024162,0.010724334451363692,5,5
secondary/exploratory,smids,resnet50,clean,0,raw_softmax,7,0.4666666666666667,0.5333333333333333,18,0.5162337637609906,0.2777777777777778,0.0468318364024162,0.010724334451363692,5,5
secondary/exploratory,smids,resnet50,clean,0,raw_softmax,8,0.5333333333333333,0.6,29,0.5734208698930412,0.41379310344827586,0.0468318364024162,0.010724334451363692,5,5
secondary/exploratory,smids,resnet50,clean,0,raw_softmax,9,0.6,0.6666666666666666,30,0.6358687043190002,0.6333333333333333,0.0468318364024162,0.010724334451363692,5,5
secondary/exploratory,smids,resnet50,clean,0,raw_softmax,10,0.6666666666666666,0.7333333333333333,39,0.6997884282698998,0.6410256410256411,0.0468318364024162,0.010724334451363692,5,5
secondary/exploratory,smids,resnet50,clean,0,raw_softmax,11,0.7333333333333333,0.8,68,0.7665896345587337,0.6617647058823529,0.0468318364024162,0.010724334451363692,5,5
secondary/exploratory,smids,resnet50,clean,0,raw_softmax,12,0.8,0.8666666666666667,96,0.8369998019188643,0.8333333333333334,0.0468318364024162,0.010724334451363692,5,5
secondary/exploratory,smids,resnet50,clean,0,raw_softmax,13,0.8666666666666667,0.9333333333333333,148,0.9019562130844271,0.8851351351351351,0.0468318364024162,0.010724334451363692,5,5
secondary/exploratory,smids,resnet50,clean,0,raw_softmax,14,0.9333333333333333,1.0,1069,0.987643037754537,0.9597754911131899,0.0468318364024162,0.010724334451363692,5,5
secondary/exploratory,smids,resnet50,clean,0,temperature,0,0.0,0.06666666666666667,0,,,0.04620741536219906,0.00934879331534465,5,5
secondary/exploratory,smids,resnet50,clean,0,temperature,1,0.06666666666666667,0.13333333333333333,0,,,0.04620741536219906,0.00934879331534465,5,5
secondary/exploratory,smids,resnet50,clean,0,temperature,2,0.13333333333333333,0.2,0,,,0.04620741536219906,0.00934879331534465,5,5
secondary/exploratory,smids,resnet50,clean,0,temperature,3,0.2,0.26666666666666666,0,,,0.04620741536219906,0.00934879331534465,5,5
secondary/exploratory,smids,resnet50,clean,0,temperature,4,0.26666666666666666,0.3333333333333333,0,,,0.04620741536219906,0.00934879331534465,5,5
secondary/exploratory,smids,resnet50,clean,0,temperature,5,0.3333333333333333,0.4,1,0.37814921140670776,0.0,0.04620741536219906,0.00934879331534465,5,5
secondary/exploratory,smids,resnet50,clean,0,temperature,6,0.4,0.4666666666666667,4,0.4282608702778816,0.5,0.04620741536219906,0.00934879331534465,5,5
secondary/exploratory,smids,resnet50,clean,0,temperature,7,0.4666666666666667,0.5333333333333333,21,0.514114899294717,0.3333333333333333,0.04620741536219906,0.00934879331534465,5,5
secondary/exploratory,smids,resnet50,clean,0,temperature,8,0.5333333333333333,0.6,36,0.5663971934053633,0.5,0.04620741536219906,0.00934879331534465,5,5
secondary/exploratory,smids,resnet50,clean,0,temperature,9,0.6,0.6666666666666666,41,0.628898388001977,0.5853658536585366,0.04620741536219906,0.00934879331534465,5,5
secondary/exploratory,smids,resnet50,clean,0,temperature,10,0.6666666666666666,0.7333333333333333,67,0.6988354449841514,0.6716417910447762,0.04620741536219906,0.00934879331534465,5,5
secondary/exploratory,smids,resnet50,clean,0,temperature,11,0.7333333333333333,0.8,92,0.7711186486741771,0.8152173913043478,0.04620741536219906,0.00934879331534465,5,5
secondary/exploratory,smids,resnet50,clean,0,temperature,12,0.8,0.8666666666666667,116,0.8332924221096367,0.8879310344827587,0.04620741536219906,0.00934879331534465,5,5
secondary/exploratory,smids,resnet50,clean,0,temperature,13,0.8666666666666667,0.9333333333333333,211,0.9033389953075427,0.9004739336492891,0.04620741536219906,0.00934879331534465,5,5
secondary/exploratory,smids,resnet50,clean,0,temperature,14,0.9333333333333333,1.0,911,0.9842435569716076,0.9670691547749726,0.04620741536219906,0.00934879331534465,5,5
secondary/exploratory,smids,resnet50,pooled_7_device_corruptions,3,raw_softmax,0,0.0,0.06666666666666667,0,,,0.10052032491422831,0.009816155916578008,5,35
secondary/exploratory,smids,resnet50,pooled_7_device_corruptions,3,raw_softmax,1,0.06666666666666667,0.13333333333333333,0,,,0.10052032491422831,0.009816155916578008,5,35
secondary/exploratory,smids,resnet50,pooled_7_device_corruptions,3,raw_softmax,2,0.13333333333333333,0.2,0,,,0.10052032491422831,0.009816155916578008,5,35
secondary/exploratory,smids,resnet50,pooled_7_device_corruptions,3,raw_softmax,3,0.2,0.26666666666666666,0,,,0.10052032491422831,0.009816155916578008,5,35
secondary/exploratory,smids,resnet50,pooled_7_device_corruptions,3,raw_softmax,4,0.26666666666666666,0.3333333333333333,0,,,0.10052032491422831,0.009816155916578008,5,35
secondary/exploratory,smids,resnet50,pooled_7_device_corruptions,3,raw_softmax,5,0.3333333333333333,0.4,14,0.3762421544109072,0.21428571428571427,0.10052032491422831,0.009816155916578008,5,35
secondary/exploratory,smids,resnet50,pooled_7_device_corruptions,3,raw_softmax,6,0.4,0.4666666666666667,40,0.44060587137937546,0.375,0.10052032491422831,0.009816155916578008,5,35
secondary/exploratory,smids,resnet50,pooled_7_device_corruptions,3,raw_softmax,7,0.4666666666666667,0.5333333333333333,190,0.5091121698680677,0.5421052631578948,0.10052032491422831,0.009816155916578008,5,35
secondary/exploratory,smids,resnet50,pooled_7_device_corruptions,3,raw_softmax,8,0.5333333333333333,0.6,334,0.5663689423107101,0.5389221556886228,0.10052032491422831,0.009816155916578008,5,35
secondary/exploratory,smids,resnet50,pooled_7_device_corruptions,3,raw_softmax,9,0.6,0.6666666666666666,383,0.6332761018145489,0.6214099216710183,0.10052032491422831,0.009816155916578008,5,35
secondary/exploratory,smids,resnet50,pooled_7_device_corruptions,3,raw_softmax,10,0.6666666666666666,0.7333333333333333,412,0.7015084297332949,0.5776699029126213,0.10052032491422831,0.009816155916578008,5,35
secondary/exploratory,smids,resnet50,pooled_7_device_corruptions,3,raw_softmax,11,0.7333333333333333,0.8,456,0.7692797360451598,0.6995614035087719,0.10052032491422831,0.009816155916578008,5,35
secondary/exploratory,smids,resnet50,pooled_7_device_corruptions,3,raw_softmax,12,0.8,0.8666666666666667,713,0.8347929400113655,0.7685834502103787,0.10052032491422831,0.009816155916578008,5,35
secondary/exploratory,smids,resnet50,pooled_7_device_corruptions,3,raw_softmax,13,0.8666666666666667,0.9333333333333333,1094,0.9036235278114758,0.8080438756855576,0.10052032491422831,0.009816155916578008,5,35
secondary/exploratory,smids,resnet50,pooled_7_device_corruptions,3,raw_softmax,14,0.9333333333333333,1.0,6864,0.9867731811509127,0.9012237762237763,0.10052032491422831,0.009816155916578008,5,35
secondary/exploratory,smids,resnet50,pooled_7_device_corruptions,3,temperature,0,0.0,0.06666666666666667,0,,,0.08814867561204089,0.013615772150069715,5,35
secondary/exploratory,smids,resnet50,pooled_7_device_corruptions,3,temperature,1,0.06666666666666667,0.13333333333333333,0,,,0.08814867561204089,0.013615772150069715,5,35
secondary/exploratory,smids,resnet50,pooled_7_device_corruptions,3,temperature,2,0.13333333333333333,0.2,0,,,0.08814867561204089,0.013615772150069715,5,35
secondary/exploratory,smids,resnet50,pooled_7_device_corruptions,3,temperature,3,0.2,0.26666666666666666,0,,,0.08814867561204089,0.013615772150069715,5,35
secondary/exploratory,smids,resnet50,pooled_7_device_corruptions,3,temperature,4,0.26666666666666666,0.3333333333333333,0,,,0.08814867561204089,0.013615772150069715,5,35
secondary/exploratory,smids,resnet50,pooled_7_device_corruptions,3,temperature,5,0.3333333333333333,0.4,19,0.37651015896546214,0.3157894736842105,0.08814867561204089,0.013615772150069715,5,35
secondary/exploratory,smids,resnet50,pooled_7_device_corruptions,3,temperature,6,0.4,0.4666666666666667,59,0.43633324109901817,0.3389830508474576,0.08814867561204089,0.013615772150069715,5,35
secondary/exploratory,smids,resnet50,pooled_7_device_corruptions,3,temperature,7,0.4666666666666667,0.5333333333333333,274,0.5088587503363616,0.5474452554744526,0.08814867561204089,0.013615772150069715,5,35
secondary/exploratory,smids,resnet50,pooled_7_device_corruptions,3,temperature,8,0.5333333333333333,0.6,425,0.5663932401993695,0.5505882352941176,0.08814867561204089,0.013615772150069715,5,35
secondary/exploratory,smids,resnet50,pooled_7_device_corruptions,3,temperature,9,0.6,0.6666666666666666,493,0.6339896900416871,0.6206896551724138,0.08814867561204089,0.013615772150069715,5,35
secondary/exploratory,smids,resnet50,pooled_7_device_corruptions,3,temperature,10,0.6666666666666666,0.7333333333333333,541,0.7025791915639712,0.6876155268022182,0.08814867561204089,0.013615772150069715,5,35
secondary/exploratory,smids,resnet50,pooled_7_device_corruptions,3,temperature,11,0.7333333333333333,0.8,618,0.7682436498237659,0.7346278317152104,0.08814867561204089,0.013615772150069715,5,35
secondary/exploratory,smids,resnet50,pooled_7_device_corruptions,3,temperature,12,0.8,0.8666666666666667,822,0.8355952802220691,0.7931873479318735,0.08814867561204089,0.013615772150069715,5,35
secondary/exploratory,smids,resnet50,pooled_7_device_corruptions,3,temperature,13,0.8666666666666667,0.9333333333333333,1436,0.902179210921516,0.8363509749303621,0.08814867561204089,0.013615772150069715,5,35
secondary/exploratory,smids,resnet50,pooled_7_device_corruptions,3,temperature,14,0.9333333333333333,1.0,5813,0.9824737363933758,0.9150180629623258,0.08814867561204089,0.013615772150069715,5,35
secondary/exploratory,smids,resnet50,pooled_7_device_corruptions,5,raw_softmax,0,0.0,0.06666666666666667,0,,,0.2735043429874238,0.019535541886638516,5,35
secondary/exploratory,smids,resnet50,pooled_7_device_corruptions,5,raw_softmax,1,0.06666666666666667,0.13333333333333333,0,,,0.2735043429874238,0.019535541886638516,5,35
secondary/exploratory,smids,resnet50,pooled_7_device_corruptions,5,raw_softmax,2,0.13333333333333333,0.2,0,,,0.2735043429874238,0.019535541886638516,5,35
secondary/exploratory,smids,resnet50,pooled_7_device_corruptions,5,raw_softmax,3,0.2,0.26666666666666666,0,,,0.2735043429874238,0.019535541886638516,5,35
secondary/exploratory,smids,resnet50,pooled_7_device_corruptions,5,raw_softmax,4,0.26666666666666666,0.3333333333333333,0,,,0.2735043429874238,0.019535541886638516,5,35
secondary/exploratory,smids,resnet50,pooled_7_device_corruptions,5,raw_softmax,5,0.3333333333333333,0.4,27,0.37445240771328964,0.4074074074074074,0.2735043429874238,0.019535541886638516,5,35
secondary/exploratory,smids,resnet50,pooled_7_device_corruptions,5,raw_softmax,6,0.4,0.4666666666666667,81,0.43395909299085167,0.37037037037037035,0.2735043429874238,0.019535541886638516,5,35
secondary/exploratory,smids,resnet50,pooled_7_device_corruptions,5,raw_softmax,7,0.4666666666666667,0.5333333333333333,296,0.507522630027017,0.41216216216216217,0.2735043429874238,0.019535541886638516,5,35
secondary/exploratory,smids,resnet50,pooled_7_device_corruptions,5,raw_softmax,8,0.5333333333333333,0.6,416,0.5689901265387352,0.5,0.2735043429874238,0.019535541886638516,5,35
secondary/exploratory,smids,resnet50,pooled_7_device_corruptions,5,raw_softmax,9,0.6,0.6666666666666666,404,0.6340296134205148,0.5544554455445545,0.2735043429874238,0.019535541886638516,5,35
secondary/exploratory,smids,resnet50,pooled_7_device_corruptions,5,raw_softmax,10,0.6666666666666666,0.7333333333333333,477,0.7013460906296656,0.6079664570230608,0.2735043429874238,0.019535541886638516,5,35
secondary/exploratory,smids,resnet50,pooled_7_device_corruptions,5,raw_softmax,11,0.7333333333333333,0.8,508,0.767072271878325,0.5393700787401575,0.2735043429874238,0.019535541886638516,5,35
secondary/exploratory,smids,resnet50,pooled_7_device_corruptions,5,raw_softmax,12,0.8,0.8666666666666667,725,0.8359287182215986,0.6041379310344828,0.2735043429874238,0.019535541886638516,5,35
secondary/exploratory,smids,resnet50,pooled_7_device_corruptions,5,raw_softmax,13,0.8666666666666667,0.9333333333333333,1024,0.9034589127404615,0.62890625,0.2735043429874238,0.019535541886638516,5,35
secondary/exploratory,smids,resnet50,pooled_7_device_corruptions,5,raw_softmax,14,0.9333333333333333,1.0,6542,0.9857783320663683,0.6742586365025985,0.2735043429874238,0.019535541886638516,5,35
secondary/exploratory,smids,resnet50,pooled_7_device_corruptions,5,temperature,0,0.0,0.06666666666666667,0,,,0.2508606962391308,0.030402523378253048,5,35
secondary/exploratory,smids,resnet50,pooled_7_device_corruptions,5,temperature,1,0.06666666666666667,0.13333333333333333,0,,,0.2508606962391308,0.030402523378253048,5,35
secondary/exploratory,smids,resnet50,pooled_7_device_corruptions,5,temperature,2,0.13333333333333333,0.2,0,,,0.2508606962391308,0.030402523378253048,5,35
secondary/exploratory,smids,resnet50,pooled_7_device_corruptions,5,temperature,3,0.2,0.26666666666666666,0,,,0.2508606962391308,0.030402523378253048,5,35
secondary/exploratory,smids,resnet50,pooled_7_device_corruptions,5,temperature,4,0.26666666666666666,0.3333333333333333,0,,,0.2508606962391308,0.030402523378253048,5,35
secondary/exploratory,smids,resnet50,pooled_7_device_corruptions,5,temperature,5,0.3333333333333333,0.4,50,0.37814639031887054,0.46,0.2508606962391308,0.030402523378253048,5,35
secondary/exploratory,smids,resnet50,pooled_7_device_corruptions,5,temperature,6,0.4,0.4666666666666667,113,0.4384302394052522,0.39823008849557523,0.2508606962391308,0.030402523378253048,5,35
secondary/exploratory,smids,resnet50,pooled_7_device_corruptions,5,temperature,7,0.4666666666666667,0.5333333333333333,403,0.5038595561206193,0.43424317617866004,0.2508606962391308,0.030402523378253048,5,35
secondary/exploratory,smids,resnet50,pooled_7_device_corruptions,5,temperature,8,0.5333333333333333,0.6,492,0.5655094545061995,0.5101626016260162,0.2508606962391308,0.030402523378253048,5,35
secondary/exploratory,smids,resnet50,pooled_7_device_corruptions,5,temperature,9,0.6,0.6666666666666666,547,0.6337889204077573,0.5996343692870201,0.2508606962391308,0.030402523378253048,5,35
secondary/exploratory,smids,resnet50,pooled_7_device_corruptions,5,temperature,10,0.6666666666666666,0.7333333333333333,576,0.7002213551766343,0.5659722222222222,0.2508606962391308,0.030402523378253048,5,35
secondary/exploratory,smids,resnet50,pooled_7_device_corruptions,5,temperature,11,0.7333333333333333,0.8,661,0.7692227873968104,0.6051437216338881,0.2508606962391308,0.030402523378253048,5,35
secondary/exploratory,smids,resnet50,pooled_7_device_corruptions,5,temperature,12,0.8,0.8666666666666667,890,0.8352670691656263,0.6247191011235955,0.2508606962391308,0.030402523378253048,5,35
secondary/exploratory,smids,resnet50,pooled_7_device_corruptions,5,temperature,13,0.8666666666666667,0.9333333333333333,1457,0.9033371984508648,0.6266300617707619,0.2508606962391308,0.030402523378253048,5,35
secondary/exploratory,smids,resnet50,pooled_7_device_corruptions,5,temperature,14,0.9333333333333333,1.0,5311,0.9809384877635494,0.6844285445302203,0.2508606962391308,0.030402523378253048,5,35
secondary/exploratory,smids,xception,clean,0,raw_softmax,0,0.0,0.06666666666666667,0,,,0.051576605041821766,0.02328901129418406,3,3
secondary/exploratory,smids,xception,clean,0,raw_softmax,1,0.06666666666666667,0.13333333333333333,0,,,0.051576605041821766,0.02328901129418406,3,3
secondary/exploratory,smids,xception,clean,0,raw_softmax,2,0.13333333333333333,0.2,0,,,0.051576605041821766,0.02328901129418406,3,3
secondary/exploratory,smids,xception,clean,0,raw_softmax,3,0.2,0.26666666666666666,0,,,0.051576605041821766,0.02328901129418406,3,3
secondary/exploratory,smids,xception,clean,0,raw_softmax,4,0.26666666666666666,0.3333333333333333,0,,,0.051576605041821766,0.02328901129418406,3,3
secondary/exploratory,smids,xception,clean,0,raw_softmax,5,0.3333333333333333,0.4,0,,,0.051576605041821766,0.02328901129418406,3,3
secondary/exploratory,smids,xception,clean,0,raw_softmax,6,0.4,0.4666666666666667,6,0.44233277440071106,0.16666666666666666,0.051576605041821766,0.02328901129418406,3,3
secondary/exploratory,smids,xception,clean,0,raw_softmax,7,0.4666666666666667,0.5333333333333333,15,0.5072847803433737,0.4666666666666667,0.051576605041821766,0.02328901129418406,3,3
secondary/exploratory,smids,xception,clean,0,raw_softmax,8,0.5333333333333333,0.6,39,0.5612574647634457,0.5897435897435898,0.051576605041821766,0.02328901129418406,3,3
secondary/exploratory,smids,xception,clean,0,raw_softmax,9,0.6,0.6666666666666666,44,0.634355593811382,0.7272727272727273,0.051576605041821766,0.02328901129418406,3,3
secondary/exploratory,smids,xception,clean,0,raw_softmax,10,0.6666666666666666,0.7333333333333333,36,0.699566028184361,0.6388888888888888,0.051576605041821766,0.02328901129418406,3,3
secondary/exploratory,smids,xception,clean,0,raw_softmax,11,0.7333333333333333,0.8,50,0.7655002856254578,0.76,0.051576605041821766,0.02328901129418406,3,3
secondary/exploratory,smids,xception,clean,0,raw_softmax,12,0.8,0.8666666666666667,69,0.8351245263348455,0.8695652173913043,0.051576605041821766,0.02328901129418406,3,3
secondary/exploratory,smids,xception,clean,0,raw_softmax,13,0.8666666666666667,0.9333333333333333,115,0.9028954977574556,0.9130434782608695,0.051576605041821766,0.02328901129418406,3,3
secondary/exploratory,smids,xception,clean,0,raw_softmax,14,0.9333333333333333,1.0,526,0.9846258608787232,0.9695817490494296,0.051576605041821766,0.02328901129418406,3,3
secondary/exploratory,smids,xception,clean,0,temperature,0,0.0,0.06666666666666667,0,,,0.046161133746306066,0.010327200212782538,3,3
secondary/exploratory,smids,xception,clean,0,temperature,1,0.06666666666666667,0.13333333333333333,0,,,0.046161133746306066,0.010327200212782538,3,3
secondary/exploratory,smids,xception,clean,0,temperature,2,0.13333333333333333,0.2,0,,,0.046161133746306066,0.010327200212782538,3,3
secondary/exploratory,smids,xception,clean,0,temperature,3,0.2,0.26666666666666666,0,,,0.046161133746306066,0.010327200212782538,3,3
secondary/exploratory,smids,xception,clean,0,temperature,4,0.26666666666666666,0.3333333333333333,0,,,0.046161133746306066,0.010327200212782538,3,3
secondary/exploratory,smids,xception,clean,0,temperature,5,0.3333333333333333,0.4,0,,,0.046161133746306066,0.010327200212782538,3,3
secondary/exploratory,smids,xception,clean,0,temperature,6,0.4,0.4666666666666667,4,0.43346984684467316,0.25,0.046161133746306066,0.010327200212782538,3,3
secondary/exploratory,smids,xception,clean,0,temperature,7,0.4666666666666667,0.5333333333333333,15,0.5106206317742665,0.6,0.046161133746306066,0.010327200212782538,3,3
secondary/exploratory,smids,xception,clean,0,temperature,8,0.5333333333333333,0.6,39,0.5650892303540156,0.48717948717948717,0.046161133746306066,0.010327200212782538,3,3
secondary/exploratory,smids,xception,clean,0,temperature,9,0.6,0.6666666666666666,26,0.6411160093087417,0.6538461538461539,0.046161133746306066,0.010327200212782538,3,3
secondary/exploratory,smids,xception,clean,0,temperature,10,0.6666666666666666,0.7333333333333333,50,0.7054133105278015,0.66,0.046161133746306066,0.010327200212782538,3,3
secondary/exploratory,smids,xception,clean,0,temperature,11,0.7333333333333333,0.8,46,0.7676692851211714,0.7608695652173914,0.046161133746306066,0.010327200212782538,3,3
secondary/exploratory,smids,xception,clean,0,temperature,12,0.8,0.8666666666666667,60,0.835676313440005,0.8833333333333333,0.046161133746306066,0.010327200212782538,3,3
secondary/exploratory,smids,xception,clean,0,temperature,13,0.8666666666666667,0.9333333333333333,126,0.9041891883290003,0.9047619047619048,0.046161133746306066,0.010327200212782538,3,3
secondary/exploratory,smids,xception,clean,0,temperature,14,0.9333333333333333,1.0,534,0.9808017744330432,0.9700374531835206,0.046161133746306066,0.010327200212782538,3,3
secondary/exploratory,smids,xception,pooled_7_device_corruptions,3,raw_softmax,0,0.0,0.06666666666666667,0,,,0.1264012631773948,0.01584865063391963,3,21
secondary/exploratory,smids,xception,pooled_7_device_corruptions,3,raw_softmax,1,0.06666666666666667,0.13333333333333333,0,,,0.1264012631773948,0.01584865063391963,3,21
secondary/exploratory,smids,xception,pooled_7_device_corruptions,3,raw_softmax,2,0.13333333333333333,0.2,0,,,0.1264012631773948,0.01584865063391963,3,21
secondary/exploratory,smids,xception,pooled_7_device_corruptions,3,raw_softmax,3,0.2,0.26666666666666666,0,,,0.1264012631773948,0.01584865063391963,3,21
secondary/exploratory,smids,xception,pooled_7_device_corruptions,3,raw_softmax,4,0.26666666666666666,0.3333333333333333,0,,,0.1264012631773948,0.01584865063391963,3,21
secondary/exploratory,smids,xception,pooled_7_device_corruptions,3,raw_softmax,5,0.3333333333333333,0.4,23,0.37524097769156745,0.17391304347826086,0.1264012631773948,0.01584865063391963,3,21
secondary/exploratory,smids,xception,pooled_7_device_corruptions,3,raw_softmax,6,0.4,0.4666666666666667,83,0.4384104656167777,0.4578313253012048,0.1264012631773948,0.01584865063391963,3,21
secondary/exploratory,smids,xception,pooled_7_device_corruptions,3,raw_softmax,7,0.4666666666666667,0.5333333333333333,274,0.5064640322523396,0.5182481751824818,0.1264012631773948,0.01584865063391963,3,21
secondary/exploratory,smids,xception,pooled_7_device_corruptions,3,raw_softmax,8,0.5333333333333333,0.6,349,0.5659080583249942,0.5616045845272206,0.1264012631773948,0.01584865063391963,3,21
secondary/exploratory,smids,xception,pooled_7_device_corruptions,3,raw_softmax,9,0.6,0.6666666666666666,342,0.6346088508416338,0.6812865497076024,0.1264012631773948,0.01584865063391963,3,21
secondary/exploratory,smids,xception,pooled_7_device_corruptions,3,raw_softmax,10,0.6666666666666666,0.7333333333333333,423,0.7004224128193326,0.7210401891252955,0.1264012631773948,0.01584865063391963,3,21
secondary/exploratory,smids,xception,pooled_7_device_corruptions,3,raw_softmax,11,0.7333333333333333,0.8,444,0.7675002912680308,0.777027027027027,0.1264012631773948,0.01584865063391963,3,21
secondary/exploratory,smids,xception,pooled_7_device_corruptions,3,raw_softmax,12,0.8,0.8666666666666667,562,0.835525779749575,0.8096085409252669,0.1264012631773948,0.01584865063391963,3,21
secondary/exploratory,smids,xception,pooled_7_device_corruptions,3,raw_softmax,13,0.8666666666666667,0.9333333333333333,814,0.9034289737444838,0.8022113022113022,0.1264012631773948,0.01584865063391963,3,21
secondary/exploratory,smids,xception,pooled_7_device_corruptions,3,raw_softmax,14,0.9333333333333333,1.0,2986,0.9807674844274565,0.8657066309444073,0.1264012631773948,0.01584865063391963,3,21
secondary/exploratory,smids,xception,pooled_7_device_corruptions,3,temperature,0,0.0,0.06666666666666667,0,,,0.12000541008181038,0.0036554110023652737,3,21
secondary/exploratory,smids,xception,pooled_7_device_corruptions,3,temperature,1,0.06666666666666667,0.13333333333333333,0,,,0.12000541008181038,0.0036554110023652737,3,21
secondary/exploratory,smids,xception,pooled_7_device_corruptions,3,temperature,2,0.13333333333333333,0.2,0,,,0.12000541008181038,0.0036554110023652737,3,21
secondary/exploratory,smids,xception,pooled_7_device_corruptions,3,temperature,3,0.2,0.26666666666666666,0,,,0.12000541008181038,0.0036554110023652737,3,21
secondary/exploratory,smids,xception,pooled_7_device_corruptions,3,temperature,4,0.26666666666666666,0.3333333333333333,0,,,0.12000541008181038,0.0036554110023652737,3,21
secondary/exploratory,smids,xception,pooled_7_device_corruptions,3,temperature,5,0.3333333333333333,0.4,17,0.37711628745583925,0.23529411764705882,0.12000541008181038,0.0036554110023652737,3,21
secondary/exploratory,smids,xception,pooled_7_device_corruptions,3,temperature,6,0.4,0.4666666666666667,62,0.4354195950492736,0.4032258064516129,0.12000541008181038,0.0036554110023652737,3,21
secondary/exploratory,smids,xception,pooled_7_device_corruptions,3,temperature,7,0.4666666666666667,0.5333333333333333,250,0.504483337521553,0.496,0.12000541008181038,0.0036554110023652737,3,21
secondary/exploratory,smids,xception,pooled_7_device_corruptions,3,temperature,8,0.5333333333333333,0.6,329,0.5673007231352902,0.574468085106383,0.12000541008181038,0.0036554110023652737,3,21
secondary/exploratory,smids,xception,pooled_7_device_corruptions,3,temperature,9,0.6,0.6666666666666666,378,0.6330557110763732,0.582010582010582,0.12000541008181038,0.0036554110023652737,3,21
secondary/exploratory,smids,xception,pooled_7_device_corruptions,3,temperature,10,0.6666666666666666,0.7333333333333333,354,0.7012727831379842,0.768361581920904,0.12000541008181038,0.0036554110023652737,3,21
secondary/exploratory,smids,xception,pooled_7_device_corruptions,3,temperature,11,0.7333333333333333,0.8,477,0.7689351533194008,0.7777777777777778,0.12000541008181038,0.0036554110023652737,3,21
secondary/exploratory,smids,xception,pooled_7_device_corruptions,3,temperature,12,0.8,0.8666666666666667,557,0.8355451209112814,0.7863554757630161,0.12000541008181038,0.0036554110023652737,3,21
secondary/exploratory,smids,xception,pooled_7_device_corruptions,3,temperature,13,0.8666666666666667,0.9333333333333333,939,0.9032877546529801,0.8317358892438764,0.12000541008181038,0.0036554110023652737,3,21
secondary/exploratory,smids,xception,pooled_7_device_corruptions,3,temperature,14,0.9333333333333333,1.0,2937,0.9776770675267579,0.8621041879468846,0.12000541008181038,0.0036554110023652737,3,21
secondary/exploratory,smids,xception,pooled_7_device_corruptions,5,raw_softmax,0,0.0,0.06666666666666667,0,,,0.18133288852752197,0.053411317067810486,3,21
secondary/exploratory,smids,xception,pooled_7_device_corruptions,5,raw_softmax,1,0.06666666666666667,0.13333333333333333,0,,,0.18133288852752197,0.053411317067810486,3,21
secondary/exploratory,smids,xception,pooled_7_device_corruptions,5,raw_softmax,2,0.13333333333333333,0.2,0,,,0.18133288852752197,0.053411317067810486,3,21
secondary/exploratory,smids,xception,pooled_7_device_corruptions,5,raw_softmax,3,0.2,0.26666666666666666,0,,,0.18133288852752197,0.053411317067810486,3,21
secondary/exploratory,smids,xception,pooled_7_device_corruptions,5,raw_softmax,4,0.26666666666666666,0.3333333333333333,0,,,0.18133288852752197,0.053411317067810486,3,21
secondary/exploratory,smids,xception,pooled_7_device_corruptions,5,raw_softmax,5,0.3333333333333333,0.4,338,0.3719201189350094,0.3224852071005917,0.18133288852752197,0.053411317067810486,3,21
secondary/exploratory,smids,xception,pooled_7_device_corruptions,5,raw_softmax,6,0.4,0.4666666666666667,350,0.43331266590527123,0.38285714285714284,0.18133288852752197,0.053411317067810486,3,21
secondary/exploratory,smids,xception,pooled_7_device_corruptions,5,raw_softmax,7,0.4666666666666667,0.5333333333333333,455,0.5005550585605286,0.45494505494505494,0.18133288852752197,0.053411317067810486,3,21
secondary/exploratory,smids,xception,pooled_7_device_corruptions,5,raw_softmax,8,0.5333333333333333,0.6,488,0.5660148530465657,0.5204918032786885,0.18133288852752197,0.053411317067810486,3,21
secondary/exploratory,smids,xception,pooled_7_device_corruptions,5,raw_softmax,9,0.6,0.6666666666666666,534,0.6321157820885548,0.5112359550561798,0.18133288852752197,0.053411317067810486,3,21
secondary/exploratory,smids,xception,pooled_7_device_corruptions,5,raw_softmax,10,0.6666666666666666,0.7333333333333333,528,0.7018131358605443,0.5757575757575758,0.18133288852752197,0.053411317067810486,3,21
secondary/exploratory,smids,xception,pooled_7_device_corruptions,5,raw_softmax,11,0.7333333333333333,0.8,514,0.7657186194152683,0.6108949416342413,0.18133288852752197,0.053411317067810486,3,21
secondary/exploratory,smids,xception,pooled_7_device_corruptions,5,raw_softmax,12,0.8,0.8666666666666667,588,0.8340212792969074,0.6258503401360545,0.18133288852752197,0.053411317067810486,3,21
secondary/exploratory,smids,xception,pooled_7_device_corruptions,5,raw_softmax,13,0.8666666666666667,0.9333333333333333,674,0.9027518610572249,0.7299703264094956,0.18133288852752197,0.053411317067810486,3,21
secondary/exploratory,smids,xception,pooled_7_device_corruptions,5,raw_softmax,14,0.9333333333333333,1.0,1831,0.9787519972940275,0.7722555980338612,0.18133288852752197,0.053411317067810486,3,21
secondary/exploratory,smids,xception,pooled_7_device_corruptions,5,temperature,0,0.0,0.06666666666666667,0,,,0.1779801695403598,0.05206299041237012,3,21
secondary/exploratory,smids,xception,pooled_7_device_corruptions,5,temperature,1,0.06666666666666667,0.13333333333333333,0,,,0.1779801695403598,0.05206299041237012,3,21
secondary/exploratory,smids,xception,pooled_7_device_corruptions,5,temperature,2,0.13333333333333333,0.2,0,,,0.1779801695403598,0.05206299041237012,3,21
secondary/exploratory,smids,xception,pooled_7_device_corruptions,5,temperature,3,0.2,0.26666666666666666,0,,,0.1779801695403598,0.05206299041237012,3,21
secondary/exploratory,smids,xception,pooled_7_device_corruptions,5,temperature,4,0.26666666666666666,0.3333333333333333,0,,,0.1779801695403598,0.05206299041237012,3,21
secondary/exploratory,smids,xception,pooled_7_device_corruptions,5,temperature,5,0.3333333333333333,0.4,360,0.3678614105615351,0.3333333333333333,0.1779801695403598,0.05206299041237012,3,21
secondary/exploratory,smids,xception,pooled_7_device_corruptions,5,temperature,6,0.4,0.4666666666666667,306,0.4352853111192292,0.369281045751634,0.1779801695403598,0.05206299041237012,3,21
secondary/exploratory,smids,xception,pooled_7_device_corruptions,5,temperature,7,0.4666666666666667,0.5333333333333333,406,0.5009892570414567,0.45073891625615764,0.1779801695403598,0.05206299041237012,3,21
secondary/exploratory,smids,xception,pooled_7_device_corruptions,5,temperature,8,0.5333333333333333,0.6,451,0.5667723700106805,0.4611973392461197,0.1779801695403598,0.05206299041237012,3,21
secondary/exploratory,smids,xception,pooled_7_device_corruptions,5,temperature,9,0.6,0.6666666666666666,462,0.6340933654989515,0.5627705627705628,0.1779801695403598,0.05206299041237012,3,21
secondary/exploratory,smids,xception,pooled_7_device_corruptions,5,temperature,10,0.6666666666666666,0.7333333333333333,509,0.700532947870041,0.5579567779960707,0.1779801695403598,0.05206299041237012,3,21
secondary/exploratory,smids,xception,pooled_7_device_corruptions,5,temperature,11,0.7333333333333333,0.8,584,0.7671624620075095,0.6027397260273972,0.1779801695403598,0.05206299041237012,3,21
secondary/exploratory,smids,xception,pooled_7_device_corruptions,5,temperature,12,0.8,0.8666666666666667,657,0.8350444700982835,0.6362252663622526,0.1779801695403598,0.05206299041237012,3,21
secondary/exploratory,smids,xception,pooled_7_device_corruptions,5,temperature,13,0.8666666666666667,0.9333333333333333,874,0.901696238828742,0.6887871853546911,0.1779801695403598,0.05206299041237012,3,21
secondary/exploratory,smids,xception,pooled_7_device_corruptions,5,temperature,14,0.9333333333333333,1.0,1691,0.9740483951878788,0.7859254878769959,0.1779801695403598,0.05206299041237012,3,21
