analysis_tier,dataset,model,corruption_scope,severity,mean,std,n_replicates,method
secondary/exploratory,hushem,resnet50,clean,0,0.7521892383397518,0.25041642086948596,5,energy
secondary/exploratory,hushem,resnet50,equal_mean_of_7_device_corruptions,1,0.7937090605620611,0.07173940960425007,5,energy
secondary/exploratory,hushem,resnet50,equal_mean_of_7_device_corruptions,2,0.7682934503076025,0.07465018375929855,5,energy
secondary/exploratory,hushem,resnet50,equal_mean_of_7_device_corruptions,3,0.7409083199903581,0.07772571413523205,5,energy
secondary/exploratory,hushem,resnet50,equal_mean_of_7_device_corruptions,4,0.696140718959715,0.07973501957128408,5,energy
secondary/exploratory,hushem,resnet50,equal_mean_of_7_device_corruptions,5,0.6489888355298442,0.07098771752974153,5,energy
secondary/exploratory,hushem,resnet50,clean,0,0.6784806459052287,0.22946714898413112,5,mahalanobis
secondary/exploratory,hushem,resnet50,equal_mean_of_7_device_corruptions,1,0.6887102418349249,0.0930768656361364,5,mahalanobis
secondary/exploratory,hushem,resnet50,equal_mean_of_7_device_corruptions,2,0.6744365999055425,0.04836914806117202,5,mahalanobis
secondary/exploratory,hushem,resnet50,equal_mean_of_7_device_corruptions,3,0.646011543506594,0.04949090734389135,5,mahalanobis
secondary/exploratory,hushem,resnet50,equal_mean_of_7_device_corruptions,4,0.5890032568887735,0.03598464748246364,5,mahalanobis
secondary/exploratory,hushem,resnet50,equal_mean_of_7_device_corruptions,5,0.5465608706504029,0.07275553243345019,5,mahalanobis
secondary/exploratory,hushem,resnet50,clean,0,0.7818787475895947,0.23039536138290273,5,mc_dropout
secondary/exploratory,hushem,resnet50,equal_mean_of_7_device_corruptions,1,0.80841027486688,0.06608613949442,5,mc_dropout
secondary/exploratory,hushem,resnet50,equal_mean_of_7_device_corruptions,2,0.7913094235981899,0.06830534160376894,5,mc_dropout
secondary/exploratory,hushem,resnet50,equal_mean_of_7_device_corruptions,3,0.7696555527944458,0.054808572530995255,5,mc_dropout
secondary/exploratory,hushem,resnet50,equal_mean_of_7_device_corruptions,4,0.732371424558353,0.06192142353823308,5,mc_dropout
secondary/exploratory,hushem,resnet50,equal_mean_of_7_device_corruptions,5,0.6989377120125388,0.03307241927343499,5,mc_dropout
secondary/exploratory,hushem,resnet50,clean,0,0.7715112568931568,0.22893167026578065,5,raw_softmax
secondary/exploratory,hushem,resnet50,equal_mean_of_7_device_corruptions,1,0.8152064991574545,0.06980537386946081,5,raw_softmax
secondary/exploratory,hushem,resnet50,equal_mean_of_7_device_corruptions,2,0.8057040368955202,0.06677597309726498,5,raw_softmax
secondary/exploratory,hushem,resnet50,equal_mean_of_7_device_corruptions,3,0.7822896243946467,0.05300478847286288,5,raw_softmax
secondary/exploratory,hushem,resnet50,equal_mean_of_7_device_corruptions,4,0.7388679508994636,0.06294756480066535,5,raw_softmax
secondary/exploratory,hushem,resnet50,equal_mean_of_7_device_corruptions,5,0.7040550735959528,0.03834430614176359,5,raw_softmax
secondary/exploratory,smids,mobilenet_v3_large,clean,0,0.7459420928019201,0.05297900873674298,3,energy
secondary/exploratory,smids,mobilenet_v3_large,equal_mean_of_7_device_corruptions,1,0.7614679693815832,0.03255243209103661,3,energy
secondary/exploratory,smids,mobilenet_v3_large,equal_mean_of_7_device_corruptions,2,0.760961579479185,0.028416509199573628,3,energy
secondary/exploratory,smids,mobilenet_v3_large,equal_mean_of_7_device_corruptions,3,0.7693883347189955,0.03610398823370931,3,energy
secondary/exploratory,smids,mobilenet_v3_large,equal_mean_of_7_device_corruptions,4,0.7393132925146118,0.02880542599034392,3,energy
secondary/exploratory,smids,mobilenet_v3_large,equal_mean_of_7_device_corruptions,5,0.6612877193998835,0.027570358917059695,3,energy
secondary/exploratory,smids,mobilenet_v3_large,clean,0,0.6221205666337414,0.04810670619639069,3,mahalanobis
secondary/exploratory,smids,mobilenet_v3_large,equal_mean_of_7_device_corruptions,1,0.5924838270978277,0.012895210602053016,3,mahalanobis
secondary/exploratory,smids,mobilenet_v3_large,equal_mean_of_7_device_corruptions,2,0.584652415650722,0.04282071342741702,3,mahalanobis
secondary/exploratory,smids,mobilenet_v3_large,equal_mean_of_7_device_corruptions,3,0.5271519795578531,0.03561226424849363,3,mahalanobis
secondary/exploratory,smids,mobilenet_v3_large,equal_mean_of_7_device_corruptions,4,0.5179799208976449,0.06696333210938163,3,mahalanobis
secondary/exploratory,smids,mobilenet_v3_large,equal_mean_of_7_device_corruptions,5,0.5278378500664506,0.056663899907925704,3,mahalanobis
secondary/exploratory,smids,mobilenet_v3_large,clean,0,0.8162172770474293,0.020933780397572956,3,mc_dropout
secondary/exploratory,smids,mobilenet_v3_large,equal_mean_of_7_device_corruptions,1,0.8039576902685234,0.015203771290183445,3,mc_dropout
secondary/exploratory,smids,mobilenet_v3_large,equal_mean_of_7_device_corruptions,2,0.7950346776349192,0.011154531164068896,3,mc_dropout
secondary/exploratory,smids,mobilenet_v3_large,equal_mean_of_7_device_corruptions,3,0.7792096399284536,0.0073873051229434265,3,mc_dropout
secondary/exploratory,smids,mobilenet_v3_large,equal_mean_of_7_device_corruptions,4,0.7200857650178226,0.03460270120693433,3,mc_dropout
secondary/exploratory,smids,mobilenet_v3_large,equal_mean_of_7_device_corruptions,5,0.6566465947464811,0.02600486562251941,3,mc_dropout
secondary/exploratory,smids,mobilenet_v3_large,clean,0,0.8199997900108215,0.021990382681094368,3,raw_softmax
secondary/exploratory,smids,mobilenet_v3_large,equal_mean_of_7_device_corruptions,1,0.8068273425157578,0.01203015161162518,3,raw_softmax
secondary/exploratory,smids,mobilenet_v3_large,equal_mean_of_7_device_corruptions,2,0.7959851391214797,0.00768272818369892,3,raw_softmax
secondary/exploratory,smids,mobilenet_v3_large,equal_mean_of_7_device_corruptions,3,0.7888650877160122,0.008061020120260269,3,raw_softmax
secondary/exploratory,smids,mobilenet_v3_large,equal_mean_of_7_device_corruptions,4,0.731907826071514,0.030051454772738927,3,raw_softmax
secondary/exploratory,smids,mobilenet_v3_large,equal_mean_of_7_device_corruptions,5,0.6572416861343238,0.027306705574425674,3,raw_softmax
secondary/exploratory,smids,resnet50,clean,0,0.8331823671497585,,1,deep_ensemble
secondary/exploratory,smids,resnet50,equal_mean_of_7_device_corruptions,1,0.8359200710430997,,1,deep_ensemble
secondary/exploratory,smids,resnet50,equal_mean_of_7_device_corruptions,2,0.8401531746972893,,1,deep_ensemble
secondary/exploratory,smids,resnet50,equal_mean_of_7_device_corruptions,3,0.8031832842214798,,1,deep_ensemble
secondary/exploratory,smids,resnet50,equal_mean_of_7_device_corruptions,4,0.7926074653084393,,1,deep_ensemble
secondary/exploratory,smids,resnet50,equal_mean_of_7_device_corruptions,5,0.7321104050891111,,1,deep_ensemble
secondary/exploratory,smids,resnet50,clean,0,0.8024027131990346,0.015063164683322553,5,energy
secondary/exploratory,smids,resnet50,equal_mean_of_7_device_corruptions,1,0.7875950781679579,0.018627249476939136,5,energy
secondary/exploratory,smids,resnet50,equal_mean_of_7_device_corruptions,2,0.790465818148836,0.01792715479719217,5,energy
secondary/exploratory,smids,resnet50,equal_mean_of_7_device_corruptions,3,0.7682128155398682,0.02006139332406998,5,energy
secondary/exploratory,smids,resnet50,equal_mean_of_7_device_corruptions,4,0.7477421373446301,0.01684339200710592,5,energy
secondary/exploratory,smids,resnet50,equal_mean_of_7_device_corruptions,5,0.68567855459377,0.020382644421871203,5,energy
secondary/exploratory,smids,resnet50,clean,0,0.49192991445842305,0.023733157792431965,5,mahalanobis
secondary/exploratory,smids,resnet50,equal_mean_of_7_device_corruptions,1,0.4707689092020756,0.028345897400759126,5,mahalanobis
secondary/exploratory,smids,resnet50,equal_mean_of_7_device_corruptions,2,0.4834901325348529,0.02031015765321825,5,mahalanobis
secondary/exploratory,smids,resnet50,equal_mean_of_7_device_corruptions,3,0.4932341741968247,0.028493349625091133,5,mahalanobis
secondary/exploratory,smids,resnet50,equal_mean_of_7_device_corruptions,4,0.46491784596572705,0.020490825679961595,5,mahalanobis
secondary/exploratory,smids,resnet50,equal_mean_of_7_device_corruptions,5,0.478671446126519,0.020287908095674812,5,mahalanobis
secondary/exploratory,smids,resnet50,clean,0,0.830418142269799,0.025349154806356966,5,mc_dropout
secondary/exploratory,smids,resnet50,equal_mean_of_7_device_corruptions,1,0.8173861804597051,0.025540982198727274,5,mc_dropout
secondary/exploratory,smids,resnet50,equal_mean_of_7_device_corruptions,2,0.8156715267371208,0.025849905525884037,5,mc_dropout
secondary/exploratory,smids,resnet50,equal_mean_of_7_device_corruptions,3,0.7891174300939292,0.018318227943108417,5,mc_dropout
secondary/exploratory,smids,resnet50,equal_mean_of_7_device_corruptions,4,0.7657262613997033,0.01645055115418801,5,mc_dropout
secondary/exploratory,smids,resnet50,equal_mean_of_7_device_corruptions,5,0.6950578972907394,0.01976470859777186,5,mc_dropout
secondary/exploratory,smids,resnet50,clean,0,0.8331191240085778,0.029579238011955136,5,raw_softmax
secondary/exploratory,smids,resnet50,equal_mean_of_7_device_corruptions,1,0.8169076012157184,0.026416651142721292,5,raw_softmax
secondary/exploratory,smids,resnet50,equal_mean_of_7_device_corruptions,2,0.8142456688975086,0.025554409980555807,5,raw_softmax
secondary/exploratory,smids,resnet50,equal_mean_of_7_device_corruptions,3,0.7880543607855481,0.017848767214702133,5,raw_softmax
secondary/exploratory,smids,resnet50,equal_mean_of_7_device_corruptions,4,0.7657475290573039,0.014143473925879836,5,raw_softmax
secondary/exploratory,smids,resnet50,equal_mean_of_7_device_corruptions,5,0.6965287430775905,0.020454398909112267,5,raw_softmax
secondary/exploratory,smids,xception,clean,0,0.8338657548289471,0.010507271810581996,3,energy
secondary/exploratory,smids,xception,equal_mean_of_7_device_corruptions,1,0.8091712062802997,0.01860989455728712,3,energy
secondary/exploratory,smids,xception,equal_mean_of_7_device_corruptions,2,0.7938585160037643,0.01577326704223007,3,energy
secondary/exploratory,smids,xception,equal_mean_of_7_device_corruptions,3,0.7730003660881667,0.020436470093938754,3,energy
secondary/exploratory,smids,xception,equal_mean_of_7_device_corruptions,4,0.7370716110021687,0.04576920362779307,3,energy
secondary/exploratory,smids,xception,equal_mean_of_7_device_corruptions,5,0.6793752208254054,0.04482173660897744,3,energy
secondary/exploratory,smids,xception,clean,0,0.4967757624117273,0.030045024911107693,3,mahalanobis
secondary/exploratory,smids,xception,equal_mean_of_7_device_corruptions,1,0.4595943700703691,0.036733092969841695,3,mahalanobis
secondary/exploratory,smids,xception,equal_mean_of_7_device_corruptions,2,0.45770574291797644,0.03534376786385063,3,mahalanobis
secondary/exploratory,smids,xception,equal_mean_of_7_device_corruptions,3,0.44220673535570665,0.02468288475016403,3,mahalanobis
secondary/exploratory,smids,xception,equal_mean_of_7_device_corruptions,4,0.44325308263192525,0.03271909088334136,3,mahalanobis
secondary/exploratory,smids,xception,equal_mean_of_7_device_corruptions,5,0.453047173274094,0.04259704708222096,3,mahalanobis
secondary/exploratory,smids,xception,clean,0,0.8427156188611297,0.023165723233544194,3,mc_dropout
secondary/exploratory,smids,xception,equal_mean_of_7_device_corruptions,1,0.8297564340310785,0.024294564630139844,3,mc_dropout
secondary/exploratory,smids,xception,equal_mean_of_7_device_corruptions,2,0.8140775609287361,0.02051466935971742,3,mc_dropout
secondary/exploratory,smids,xception,equal_mean_of_7_device_corruptions,3,0.7910550761064649,0.021312222761900704,3,mc_dropout
secondary/exploratory,smids,xception,equal_mean_of_7_device_corruptions,4,0.7510283047757441,0.03594599833916014,3,mc_dropout
secondary/exploratory,smids,xception,equal_mean_of_7_device_corruptions,5,0.6913981242225836,0.04499977816153412,3,mc_dropout
secondary/exploratory,smids,xception,clean,0,0.8480558479952185,0.013843024556722539,3,raw_softmax
secondary/exploratory,smids,xception,equal_mean_of_7_device_corruptions,1,0.8387059928612267,0.01581177708523156,3,raw_softmax
secondary/exploratory,smids,xception,equal_mean_of_7_device_corruptions,2,0.8202006485994787,0.010621450591974207,3,raw_softmax
secondary/exploratory,smids,xception,equal_mean_of_7_device_corruptions,3,0.7992795996766384,0.012205549013945034,3,raw_softmax
secondary/exploratory,smids,xception,equal_mean_of_7_device_corruptions,4,0.7582927950614389,0.02838300593334929,3,raw_softmax
secondary/exploratory,smids,xception,equal_mean_of_7_device_corruptions,5,0.695271386621444,0.037698412323439734,3,raw_softmax
