analysis_tier,dataset,model,seed,fold,run_id,checkpoint,checkpoint_sha256,corruption,severity,method,metric,mean,std,n_samples
secondary/exploratory,smids,resnet50,2025,,20260901T093642Z-364bd06871,results/checkpoints/smids-resnet50-seed2025-20260901T093642Z-364bd06871.pt,999e6af4f82903698b1c53913ec19723c8a2951e87843aedb3d0501887879bf0,defocus_blur,0,raw_softmax,accuracy,0.8966666666666666,,300
secondary/exploratory,smids,resnet50,2025,,20260901T093642Z-364bd06871,results/checkpoints/smids-resnet50-seed2025-20260901T093642Z-364bd06871.pt,999e6af4f82903698b1c53913ec19723c8a2951e87843aedb3d0501887879bf0,defocus_blur,1,raw_softmax,accuracy,0.9,,300
secondary/exploratory,smids,resnet50,2025,,20260901T093642Z-364bd06871,results/checkpoints/smids-resnet50-seed2025-20260901T093642Z-364bd06871.pt,999e6af4f82903698b1c53913ec19723c8a2951e87843aedb3d0501887879bf0,defocus_blur,2,raw_softmax,accuracy,0.9,,300
secondary/exploratory,smids,resnet50,2025,,20260901T093642Z-364bd06871,results/checkpoints/smids-resnet50-seed2025-20260901T093642Z-364bd06871.pt,999e6af4f82903698b1c53913ec19723c8a2951e87843aedb3d0501887879bf0,defocus_blur,3,raw_softmax,accuracy,0.9066666666666666,,300
secondary/exploratory,smids,resnet50,2025,,20260901T093642Z-364bd06871,results/checkpoints/smids-resnet50-seed2025-20260901T093642Z-364bd06871.pt,999e6af4f82903698b1c53913ec19723c8a2951e87843aedb3d0501887879bf0,defocus_blur,4,raw_softmax,accuracy,0.8933333333333333,,300
secondary/exploratory,smids,resnet50,2025,,20260901T093642Z-364bd06871,results/checkpoints/smids-resnet50-seed2025-20260901T093642Z-364bd06871.pt,999e6af4f82903698b1c53913ec19723c8a2951e87843aedb3d0501887879bf0,defocus_blur,5,raw_softmax,accuracy,0.8766666666666667,,300
secondary/exploratory,smids,resnet50,2025,,20260901T093642Z-364bd06871,results/checkpoints/smids-resnet50-seed2025-20260901T093642Z-364bd06871.pt,999e6af4f82903698b1c53913ec19723c8a2951e87843aedb3d0501887879bf0,defocus_blur,0,gradcam,spearman,1.0,7.320593835522382e-17,300
secondary/exploratory,smids,resnet50,2025,,20260901T093642Z-364bd06871,results/checkpoints/smids-resnet50-seed2025-20260901T093642Z-364bd06871.pt,999e6af4f82903698b1c53913ec19723c8a2951e87843aedb3d0501887879bf0,defocus_blur,0,gradcam,top_percent_iou,1.0,0.0,300
secondary/exploratory,smids,resnet50,2025,,20260901T093642Z-364bd06871,results/checkpoints/smids-resnet50-seed2025-20260901T093642Z-364bd06871.pt,999e6af4f82903698b1c53913ec19723c8a2951e87843aedb3d0501887879bf0,defocus_blur,1,gradcam,spearman,0.9977649550370996,0.006107518768931,300
secondary/exploratory,smids,resnet50,2025,,20260901T093642Z-364bd06871,results/checkpoints/smids-resnet50-seed2025-20260901T093642Z-364bd06871.pt,999e6af4f82903698b1c53913ec19723c8a2951e87843aedb3d0501887879bf0,defocus_blur,1,gradcam,top_percent_iou,0.9867676767676768,0.0490627821966907,300
secondary/exploratory,smids,resnet50,2025,,20260901T093642Z-364bd06871,results/checkpoints/smids-resnet50-seed2025-20260901T093642Z-364bd06871.pt,999e6af4f82903698b1c53913ec19723c8a2951e87843aedb3d0501887879bf0,defocus_blur,2,gradcam,spearman,0.957454792423675,0.0451969354555899,300
secondary/exploratory,smids,resnet50,2025,,20260901T093642Z-364bd06871,results/checkpoints/smids-resnet50-seed2025-20260901T093642Z-364bd06871.pt,999e6af4f82903698b1c53913ec19723c8a2951e87843aedb3d0501887879bf0,defocus_blur,2,gradcam,top_percent_iou,0.9077367077367078,0.1173771828352405,300
secondary/exploratory,smids,resnet50,2025,,20260901T093642Z-364bd06871,results/checkpoints/smids-resnet50-seed2025-20260901T093642Z-364bd06871.pt,999e6af4f82903698b1c53913ec19723c8a2951e87843aedb3d0501887879bf0,defocus_blur,3,gradcam,spearman,0.8403934429513221,0.0964691014085127,300
secondary/exploratory,smids,resnet50,2025,,20260901T093642Z-364bd06871,results/checkpoints/smids-resnet50-seed2025-20260901T093642Z-364bd06871.pt,999e6af4f82903698b1c53913ec19723c8a2951e87843aedb3d0501887879bf0,defocus_blur,3,gradcam,top_percent_iou,0.8176230795348443,0.1496722124802169,300
secondary/exploratory,smids,resnet50,2025,,20260901T093642Z-364bd06871,results/checkpoints/smids-resnet50-seed2025-20260901T093642Z-364bd06871.pt,999e6af4f82903698b1c53913ec19723c8a2951e87843aedb3d0501887879bf0,defocus_blur,4,gradcam,spearman,0.7973823354581595,0.1137333557689312,300
secondary/exploratory,smids,resnet50,2025,,20260901T093642Z-364bd06871,results/checkpoints/smids-resnet50-seed2025-20260901T093642Z-364bd06871.pt,999e6af4f82903698b1c53913ec19723c8a2951e87843aedb3d0501887879bf0,defocus_blur,4,gradcam,top_percent_iou,0.7990705209822857,0.1740760140514928,300
secondary/exploratory,smids,resnet50,2025,,20260901T093642Z-364bd06871,results/checkpoints/smids-resnet50-seed2025-20260901T093642Z-364bd06871.pt,999e6af4f82903698b1c53913ec19723c8a2951e87843aedb3d0501887879bf0,defocus_blur,5,gradcam,spearman,0.7164912423237364,0.150859113653011,300
secondary/exploratory,smids,resnet50,2025,,20260901T093642Z-364bd06871,results/checkpoints/smids-resnet50-seed2025-20260901T093642Z-364bd06871.pt,999e6af4f82903698b1c53913ec19723c8a2951e87843aedb3d0501887879bf0,defocus_blur,5,gradcam,top_percent_iou,0.725666603205303,0.1888385495454055,300
secondary/exploratory,smids,resnet50,2025,,20260901T093642Z-364bd06871,results/checkpoints/smids-resnet50-seed2025-20260901T093642Z-364bd06871.pt,999e6af4f82903698b1c53913ec19723c8a2951e87843aedb3d0501887879bf0,defocus_blur,0,gradcam++,spearman,1.0,2.5682342118138033e-17,300
secondary/exploratory,smids,resnet50,2025,,20260901T093642Z-364bd06871,results/checkpoints/smids-resnet50-seed2025-20260901T093642Z-364bd06871.pt,999e6af4f82903698b1c53913ec19723c8a2951e87843aedb3d0501887879bf0,defocus_blur,0,gradcam++,top_percent_iou,1.0,0.0,300
secondary/exploratory,smids,resnet50,2025,,20260901T093642Z-364bd06871,results/checkpoints/smids-resnet50-seed2025-20260901T093642Z-364bd06871.pt,999e6af4f82903698b1c53913ec19723c8a2951e87843aedb3d0501887879bf0,defocus_blur,1,gradcam++,spearman,0.9995623114672936,0.0005928592042108,300
secondary/exploratory,smids,resnet50,2025,,20260901T093642Z-364bd06871,results/checkpoints/smids-resnet50-seed2025-20260901T093642Z-364bd06871.pt,999e6af4f82903698b1c53913ec19723c8a2951e87843aedb3d0501887879bf0,defocus_blur,1,gradcam++,top_percent_iou,0.9890909090909092,0.0432515718961633,300
secondary/exploratory,smids,resnet50,2025,,20260901T093642Z-364bd06871,results/checkpoints/smids-resnet50-seed2025-20260901T093642Z-364bd06871.pt,999e6af4f82903698b1c53913ec19723c8a2951e87843aedb3d0501887879bf0,defocus_blur,2,gradcam++,spearman,0.9884760406625877,0.0092793852537788,300
secondary/exploratory,smids,resnet50,2025,,20260901T093642Z-364bd06871,results/checkpoints/smids-resnet50-seed2025-20260901T093642Z-364bd06871.pt,999e6af4f82903698b1c53913ec19723c8a2951e87843aedb3d0501887879bf0,defocus_blur,2,gradcam++,top_percent_iou,0.9242191142191144,0.1000723348410887,300
secondary/exploratory,smids,resnet50,2025,,20260901T093642Z-364bd06871,results/checkpoints/smids-resnet50-seed2025-20260901T093642Z-364bd06871.pt,999e6af4f82903698b1c53913ec19723c8a2951e87843aedb3d0501887879bf0,defocus_blur,3,gradcam++,spearman,0.9322069651343334,0.0282570203251315,300
secondary/exploratory,smids,resnet50,2025,,20260901T093642Z-364bd06871,results/checkpoints/smids-resnet50-seed2025-20260901T093642Z-364bd06871.pt,999e6af4f82903698b1c53913ec19723c8a2951e87843aedb3d0501887879bf0,defocus_blur,3,gradcam++,top_percent_iou,0.845981795981796,0.1226559405934818,300
secondary/exploratory,smids,resnet50,2025,,20260901T093642Z-364bd06871,results/checkpoints/smids-resnet50-seed2025-20260901T093642Z-364bd06871.pt,999e6af4f82903698b1c53913ec19723c8a2951e87843aedb3d0501887879bf0,defocus_blur,4,gradcam++,spearman,0.9088974268130594,0.0378475571259536,300
secondary/exploratory,smids,resnet50,2025,,20260901T093642Z-364bd06871,results/checkpoints/smids-resnet50-seed2025-20260901T093642Z-364bd06871.pt,999e6af4f82903698b1c53913ec19723c8a2951e87843aedb3d0501887879bf0,defocus_blur,4,gradcam++,top_percent_iou,0.8137029637029637,0.1350294508446689,300
secondary/exploratory,smids,resnet50,2025,,20260901T093642Z-364bd06871,results/checkpoints/smids-resnet50-seed2025-20260901T093642Z-364bd06871.pt,999e6af4f82903698b1c53913ec19723c8a2951e87843aedb3d0501887879bf0,defocus_blur,5,gradcam++,spearman,0.8716110396342546,0.0518608669049397,300
secondary/exploratory,smids,resnet50,2025,,20260901T093642Z-364bd06871,results/checkpoints/smids-resnet50-seed2025-20260901T093642Z-364bd06871.pt,999e6af4f82903698b1c53913ec19723c8a2951e87843aedb3d0501887879bf0,defocus_blur,5,gradcam++,top_percent_iou,0.7644419469419469,0.1396244027895607,300
